signal_month,realization_month,period,long_gross_return,short_sale_gross_return,long_turnover,short_turnover,long_net_return_20bps,short_sale_net_return_20bps,long_contribution,short_contribution,long_unresolved_weight,short_unresolved_weight,long_names,short_names,period_long_sharpe_20bps,period_short_sharpe_20bps
2018-01-31,2018-02-28,development,-0.04309731744252439,0.05293952628704967,1.0,1.0,-0.04509731744252439,0.05093952628704967,-0.04309731744252439,0.05293952628704967,0.0,0.0,206,206,0.3165657469898829,0.4779224847590204
2018-02-28,2018-03-31,development,0.021425872307549446,-0.045934407731577566,0.6492318905584211,0.5793451446512671,0.020127408526432605,-0.0470930980208801,0.021425872307549446,-0.045934407731577566,0.0,0.0,197,197,0.3165657469898829,0.4779224847590204
2018-03-31,2018-04-30,development,-0.027498567371378527,0.09221308464457821,0.7296242306446388,0.6512579635028614,-0.028957815832667804,0.09091056871757248,-0.027498567371378527,0.09221308464457821,0.0,0.0,207,207,0.3165657469898829,0.4779224847590204
2018-04-30,2018-05-31,development,-0.009764801985208408,0.01667483840729598,0.6461650010278837,0.6760900433891505,-0.011057131987264174,0.015322658320517678,-0.009764801985208408,0.01667483840729598,0.0,0.0,210,210,0.3165657469898829,0.4779224847590204
2018-05-31,2018-06-30,development,-0.11247010503916297,0.10906548967076143,0.5826754201680672,0.6347633831310302,-0.1136354558794991,0.10779596290449937,-0.11247010503916297,0.10906548967076143,0.0,0.0,220,220,0.3165657469898829,0.4779224847590204
2018-06-30,2018-07-31,development,0.030617402170786307,0.05193869520957003,0.658742106366356,0.5544117647058823,0.029299917958053597,0.05082987168015826,0.030617402170786307,0.05193869520957003,0.0,0.0,220,220,0.3165657469898829,0.4779224847590204
2018-07-31,2018-08-31,development,-0.06546759243548174,0.10942718821701711,0.7933095159245964,0.7188288862342966,-0.06705421146733093,0.10798953044454851,-0.06546759243548174,0.10942718821701711,0.0,0.0,226,226,0.3165657469898829,0.4779224847590204
2018-08-31,2018-09-30,development,-0.0018656477884753631,0.011900848664154846,0.6720322439320555,0.645487070690345,-0.0032097122763394743,0.010609874522774156,-0.0018656477884753631,0.011900848664154846,0.0,0.0,229,229,0.3165657469898829,0.4779224847590204
2018-09-30,2018-10-31,development,-0.08908556264345294,0.10319676626962872,0.6554880862601451,0.6585014005602241,-0.09039653881597323,0.10187976346850827,-0.08908556264345294,0.10319676626962872,0.0,0.0,231,231,0.3165657469898829,0.4779224847590204
2018-10-31,2018-11-30,development,0.04695406480347141,-0.04123349297688597,0.5658920940170941,0.6564636752136752,0.04582228061543722,-0.042546420327313324,0.04695406480347141,-0.04123349297688597,0.0,0.0,234,234,0.3165657469898829,0.4779224847590204
2018-11-30,2018-12-31,development,-0.026565536335598345,0.06496973862385905,0.7029958321516552,0.6689010115164963,-0.027971527999901654,0.06363193660082606,-0.026565536335598345,0.06496973862385905,0.0,0.0,238,238,0.3165657469898829,0.4779224847590204
2018-12-31,2019-01-31,development,0.007484047962998035,0.06390812172510146,0.6740946955162961,0.6755501059339706,0.006135858571965443,0.06255702151323352,0.007484047962998035,0.06390812172510146,0.0,0.0,242,242,0.3165657469898829,0.4779224847590204
2019-01-31,2019-02-28,development,0.17751674804866405,-0.25443814976575546,0.5646942228308327,0.6087983084596862,0.1763873596030024,-0.25565574638267485,0.17751674804866405,-0.25443814976575546,0.0,0.0,241,241,0.3165657469898829,0.4779224847590204
2019-02-28,2019-03-31,development,0.0875195962096774,-0.09596747324485223,0.5920655087589488,0.5670268901999728,0.08633546519215951,-0.09710152702525218,0.0875195962096774,-0.09596747324485223,0.0,0.0,244,244,0.3165657469898829,0.4779224847590204
2019-03-31,2019-04-30,development,-0.01499617198108674,0.06307256937179517,0.6232672430723978,0.6945839703223474,-0.016242706467231537,0.061683401431150475,-0.01499617198108674,0.06307256937179517,0.0,0.0,244,244,0.3165657469898829,0.4779224847590204
2019-04-30,2019-05-31,development,-0.0370078080215956,0.07590243783101423,0.7038168825990817,0.6469995260268232,-0.038415441786793764,0.07460843877896059,-0.0370078080215956,0.07590243783101423,0.0,0.0,241,241,0.3165657469898829,0.4779224847590204
2019-05-31,2019-06-30,development,0.02161511534462691,0.047630709450051496,0.7016175183848358,0.6553046240076991,0.02021188030785724,0.0463201002020361,0.02161511534462691,0.047630709450051496,0.0,0.0,242,242,0.3165657469898829,0.4779224847590204
2019-06-30,2019-07-31,development,-0.0016406096622044411,0.06571603102241093,0.6634050003258947,0.6271664995882711,-0.0029674196628562306,0.06446169802323438,-0.0016406096622044411,0.06571603102241093,0.0,0.0,245,245,0.3165657469898829,0.4779224847590204
2019-07-31,2019-08-31,development,-0.027696663424887812,-0.011230737898418986,0.7199236517218973,0.6786992567307325,-0.029136510728331608,-0.012588136411880451,-0.027696663424887812,-0.011230737898418986,0.0,0.0,243,243,0.3165657469898829,0.4779224847590204
2019-08-31,2019-09-30,development,0.010576444697836829,0.025527019013893478,0.6906244541560991,0.5960625877716992,0.009195195789524631,0.02433489383835008,0.010576444697836829,0.025527019013893478,0.0,0.0,248,248,0.3165657469898829,0.4779224847590204
2019-09-30,2019-10-31,development,-0.004183710994106752,0.014520112934265717,0.6080021435097336,0.7273419503205503,-0.005399715281126219,0.013065429033624617,-0.004183710994106752,0.014520112934265717,0.0,0.0,246,246,0.3165657469898829,0.4779224847590204
2019-10-31,2019-11-30,development,-0.01964873930956918,0.0461037536600388,0.6339896464435507,0.7164567283899049,-0.020916718602456284,0.04467084020325899,-0.01964873930956918,0.0461037536600388,0.0,0.0,246,246,0.3165657469898829,0.4779224847590204
2019-11-30,2019-12-31,development,0.0806032038000099,-0.06667074481014555,0.7066837744298744,0.7069567050556538,0.07918983625115016,-0.06808465822025686,0.0806032038000099,-0.06667074481014555,0.0,0.0,248,248,0.3165657469898829,0.4779224847590204
2019-12-31,2020-01-31,development,-0.009276977685058944,0.00448750243550119,0.7077150767714493,0.6874400223052184,-0.010692407838601842,0.0031126223908907527,-0.009276977685058944,0.00448750243550119,0.0,0.0,247,247,0.3165657469898829,0.4779224847590204
2020-01-31,2020-02-29,development,-0.01616351363522604,-0.033457164823286464,0.6860775291148098,0.6578630291897836,-0.017535668693455658,-0.03477289088166603,-0.01616351363522604,-0.033457164823286464,0.0,0.0,244,244,0.3165657469898829,0.4779224847590204
2020-02-29,2020-03-31,development,-0.014591967078312177,0.10582206895037448,0.641088609103315,0.5660051957846076,-0.015874144296518806,0.10469005855880527,-0.014591967078312177,0.10582206895037448,0.0,0.0,251,251,0.3165657469898829,0.4779224847590204
2020-03-31,2020-04-30,development,0.024472786501092168,0.002783329767908449,0.7201724905395848,0.7486957974822858,0.023032441520013,0.0012859381729438772,0.024472786501092168,0.002783329767908449,0.0,0.0,247,247,0.3165657469898829,0.4779224847590204
2020-04-30,2020-05-31,development,0.01621543030966329,0.005998951035285157,0.704494223084297,0.7893779223848348,0.014806441863494696,0.004420195190515488,0.01621543030966329,0.005998951035285157,0.0,0.0,250,250,0.3165657469898829,0.4779224847590204
2020-05-31,2020-06-30,development,0.04883658050454177,-0.014467496481697612,0.5856894191549764,0.7156649873174641,0.04766520166623182,-0.01589882645633254,0.04883658050454177,-0.014467496481697612,0.0,0.0,251,251,0.3165657469898829,0.4779224847590204
2020-06-30,2020-07-31,development,0.16113895518959082,-0.1752160765999751,0.7012082638352899,0.6822377045073276,0.15973653866192022,-0.17658055200898976,0.16113895518959082,-0.1752160765999751,0.0,0.0,253,253,0.3165657469898829,0.4779224847590204
2020-07-31,2020-08-31,development,0.04089735176420013,0.013959640971187936,0.7242012761741572,0.6811828220199037,0.03944894921185182,0.01259727532714813,0.04089735176420013,0.013959640971187936,0.0,0.0,264,264,0.3165657469898829,0.4779224847590204
2020-08-31,2020-09-30,development,-0.07346986725219938,0.08025418588786065,0.6649535026523022,0.7252100875106746,-0.07479977425750399,0.0788037657128393,-0.07346986725219938,0.08025418588786065,0.0,0.0,259,259,0.3165657469898829,0.4779224847590204
2020-09-30,2020-10-31,development,-0.009382988948063019,-0.011878486512075912,0.7213370197627164,0.6575023052283114,-0.010825662987588452,-0.013193491122532534,-0.009382988948063019,-0.011878486512075912,0.0,0.0,260,260,0.3165657469898829,0.4779224847590204
2020-10-31,2020-11-30,development,0.05636671961569483,-0.001854092751266813,0.6055714896272172,0.5897683156197088,0.0551555766364404,-0.0030336293825062306,0.05636671961569483,-0.001854092751266813,0.0,0.0,264,264,0.3165657469898829,0.4779224847590204
2020-11-30,2020-12-31,development,-0.02926211155443739,-0.0122850388088816,0.6138957061170683,0.7060243248323744,-0.030489902966671527,-0.013697087458546349,-0.02926211155443739,-0.0122850388088816,0.0,0.0,266,266,0.3165657469898829,0.4779224847590204
2020-12-31,2021-01-31,development,-0.04690618743482093,0.10883923428756319,0.6864245403719088,0.6272698792435635,-0.04827903651556475,0.10758469452907606,-0.04690618743482093,0.10883923428756319,0.0,0.0,265,265,0.3165657469898829,0.4779224847590204
2021-01-31,2021-02-28,development,0.0676313607852571,0.029852799886198447,0.6373489642452491,0.6932752490028032,0.0663566628567666,0.02846624938819284,0.0676313607852571,0.029852799886198447,0.0,0.0,266,266,0.3165657469898829,0.4779224847590204
2021-02-28,2021-03-31,development,0.03989553690540899,0.025263032312382142,0.6645832817852941,0.7206553379540995,0.03856637034183841,0.023821721636473944,0.03989553690540899,0.025263032312382142,0.0,0.0,271,271,0.3165657469898829,0.4779224847590204
2021-03-31,2021-04-30,development,-0.001903285093433633,0.038235638509563845,0.7038227240871233,0.6750647998972229,-0.0033109305416078793,0.036885508909769396,-0.001903285093433633,0.038235638509563845,0.0,0.0,270,270,0.3165657469898829,0.4779224847590204
2021-04-30,2021-05-31,development,0.0232097740270207,-0.10057741973568052,0.6600736376059118,0.7322100875787569,0.021889626751808878,-0.10204183991083803,0.0232097740270207,-0.10057741973568052,0.0,0.0,275,275,0.3165657469898829,0.4779224847590204
2021-05-31,2021-06-30,development,-0.0024146639899211555,0.019800461931282157,0.6699904533031468,0.581285537803973,-0.003754644896527449,0.018637890855674213,-0.0024146639899211555,0.019800461931282157,0.0,0.0,277,277,0.3165657469898829,0.4779224847590204
2021-06-30,2021-07-31,development,-0.019703181641523904,-0.032755747834611174,0.6219967544130224,0.6618307813642742,-0.02094717515034995,-0.03407940939733972,-0.019703181641523904,-0.032755747834611174,0.0,0.0,275,275,0.3165657469898829,0.4779224847590204
2021-07-31,2021-08-31,development,0.0665473644172202,-0.038228045921402116,0.6658111668173587,0.6579263959294919,0.06521574208358548,-0.0395438987132611,0.0665473644172202,-0.038228045921402116,0.0,0.0,282,282,0.3165657469898829,0.4779224847590204
2021-08-31,2021-09-30,development,0.025567013730536332,0.04749943740779448,0.6769768627432745,0.6982367702150352,0.02421306000504978,0.046102963867364406,0.025567013730536332,0.04749943740779448,0.0,0.0,289,289,0.3165657469898829,0.4779224847590204
2021-09-30,2021-10-31,development,-0.025640644819340176,0.044029496551005264,0.6752172215984095,0.7381510593905594,-0.026991079262536993,0.04255319443222415,-0.025640644819340176,0.044029496551005264,0.0,0.0,298,298,0.3165657469898829,0.4779224847590204
2021-10-31,2021-11-30,development,0.055958257989312234,-0.07448934147479606,0.641019269218613,0.6665421056930491,0.05467621945087501,-0.07582242568618217,0.055958257989312234,-0.07448934147479606,0.0,0.0,295,295,0.3165657469898829,0.4779224847590204
2021-11-30,2021-12-31,development,0.0688570920259278,-0.015287967833432744,0.6673689131430594,0.6856926456076607,0.06752235419964167,-0.016659353124648064,0.0688570920259278,-0.015287967833432744,0.0,0.0,300,300,0.3165657469898829,0.4779224847590204
2021-12-31,2022-01-31,development,-0.0745886625813508,0.15590697352964372,0.6841147088817153,0.5737549842771394,-0.07595689199911423,0.15475946356108944,-0.0745886625813508,0.15590697352964372,0.0,0.0,309,309,0.3165657469898829,0.4779224847590204
2022-01-31,2022-02-28,selection,0.05567083989868137,-0.045793051982334396,0.7519908893547337,0.7038081686013868,0.054166858119971906,-0.04720066831953717,0.05567083989868137,-0.045793051982334396,0.0,0.0,311,311,0.17598020530633632,0.8080159516597978
2022-02-28,2022-03-31,selection,-0.0408040166995004,0.02683637747447681,0.6897661837635685,0.6843910844658229,-0.04218354906702754,0.025467595305545165,-0.0408040166995004,0.02683637747447681,0.0,0.0,314,314,0.17598020530633632,0.8080159516597978
2022-03-31,2022-04-30,selection,-0.08883853107109256,0.20424514347982275,0.6221167033472934,0.5673443725850558,-0.09008276447778715,0.20311045473465264,-0.08883853107109256,0.20424514347982275,0.0,0.0,320,320,0.17598020530633632,0.8080159516597978
2022-04-30,2022-05-31,selection,0.10245436005467792,-0.08966902286838103,0.7090240968622383,0.7287266417384511,0.10103631186095345,-0.09112647615185794,0.10245436005467792,-0.08966902286838103,0.0,0.0,318,318,0.17598020530633632,0.8080159516597978
2022-05-31,2022-06-30,selection,0.04052491006416317,-0.04863264622751021,0.7105588468012519,0.6395975898471361,0.03910379237056067,-0.04991184140720448,0.04052491006416317,-0.04863264622751021,0.0,0.0,318,318,0.17598020530633632,0.8080159516597978
2022-06-30,2022-07-31,selection,0.0066799941372916935,-0.008741378575173002,0.6158975493456279,0.680662246043579,0.005448199038600438,-0.01010270306726016,0.0066799941372916935,-0.008741378575173002,0.0,0.0,329,329,0.17598020530633632,0.8080159516597978
2022-07-31,2022-08-31,selection,0.013322458461391943,0.06688339715068187,0.5916842067028746,0.5970424249028368,0.012139090047986193,0.0656893123008762,0.013322458461391943,0.06688339715068187,0.0,0.0,329,329,0.17598020530633632,0.8080159516597978
2022-08-31,2022-09-30,selection,-0.06124105891691263,0.09936410678312439,0.6952262257530452,0.6969339359038454,-0.06263151136841873,0.0979702389113167,-0.06124105891691263,0.09936410678312439,0.0,0.0,332,332,0.17598020530633632,0.8080159516597978
2022-09-30,2022-10-31,selection,0.002908368305558776,0.021676504146087544,0.6890257169779376,0.6815664611417802,0.0015303168716029008,0.020313371223803982,0.002908368305558776,0.021676504146087544,0.0,0.0,331,331,0.17598020530633632,0.8080159516597978
2022-10-31,2022-11-30,selection,0.09337103024389744,-0.07958578795502548,0.6511564318573314,0.7066478402884542,0.09206871738018277,-0.08099908363560239,0.09337103024389744,-0.07958578795502548,0.0,0.0,334,334,0.17598020530633632,0.8080159516597978
2022-11-30,2022-12-31,selection,-0.026593877894763963,0.054705349758595895,0.6410213553695471,0.7052397973487123,-0.027875920605503056,0.05329487016389847,-0.026593877894763963,0.054705349758595895,0.0,0.0,341,341,0.17598020530633632,0.8080159516597978
2022-12-31,2023-01-31,selection,0.07003121219468544,-0.03418719324334945,0.6277031370152869,0.7504618795825466,0.06877580592065487,-0.03568811700251454,0.07003121219468544,-0.03418719324334945,0.0,0.0,345,345,0.17598020530633632,0.8080159516597978
2023-01-31,2023-02-28,selection,0.04080403050108919,-0.007429407626916681,0.5920017987173124,0.6841994333031168,0.039620026903654564,-0.008797806493522915,0.04080403050108919,-0.007429407626916681,0.0,0.0,348,348,0.17598020530633632,0.8080159516597978
2023-02-28,2023-03-31,selection,-0.008060991588131075,0.0034570107844043223,0.5524306350032303,0.7692786485209352,-0.009165852858137535,0.001918453487362452,-0.008060991588131075,0.0034570107844043223,0.0,0.0,348,348,0.17598020530633632,0.8080159516597978
2023-03-31,2023-04-30,selection,0.02280217991913732,-0.0021076165290647778,0.642629404700494,0.7043558296022867,0.021516921109736332,-0.0035163281882693515,0.02280217991913732,-0.0021076165290647778,0.0,0.0,355,355,0.17598020530633632,0.8080159516597978
2023-04-30,2023-05-31,selection,-0.007876658981656546,0.028259737451635857,0.6756289940515684,0.6611305733897915,-0.009227916969759683,0.026937476304856274,-0.007876658981656546,0.028259737451635857,0.0,0.0,356,356,0.17598020530633632,0.8080159516597978
2023-05-31,2023-06-30,selection,0.01906761125418736,-0.026170016224801522,0.5963264358671918,0.7413701309480862,0.017874958382452975,-0.027652756486697693,0.01906761125418736,-0.026170016224801522,0.0,0.0,357,357,0.17598020530633632,0.8080159516597978
2023-06-30,2023-07-31,selection,0.046534262673099826,0.023669588538199223,0.6316153612628713,0.6532377316997812,0.04527103195057408,0.02236311307479966,0.046534262673099826,0.023669588538199223,0.0,0.0,362,362,0.17598020530633632,0.8080159516597978
2023-07-31,2023-08-31,selection,-0.04873162979570902,0.048728190147175984,0.5840897699571863,0.7438037142665092,-0.049899809335623393,0.04724058271864297,-0.04873162979570902,0.048728190147175984,0.0,0.0,363,363,0.17598020530633632,0.8080159516597978
2023-08-31,2023-09-30,selection,-0.002554060365282879,0.026471878540210318,0.6654540070018421,0.6589734769818599,-0.003884968379286563,0.025153931586246597,-0.002554060365282879,0.026471878540210318,0.0,0.0,362,362,0.17598020530633632,0.8080159516597978
2023-09-30,2023-10-31,selection,-0.0314505769447296,0.01848252722424336,0.6360680226298111,0.647094292314223,-0.032722712989989224,0.017188338639614914,-0.0314505769447296,0.01848252722424336,0.0,0.0,362,362,0.17598020530633632,0.8080159516597978
2023-10-31,2023-11-30,selection,0.01611165115625739,-0.048895537318717715,0.486802097658117,0.6614817536656616,0.015138046960941155,-0.05021850082604904,0.01611165115625739,-0.048895537318717715,0.0,0.0,365,365,0.17598020530633632,0.8080159516597978
2023-11-30,2023-12-31,selection,-0.0027786343347034333,0.022373916548876275,0.5304364295178019,0.6243823584853999,-0.0038395071937390368,0.021125151831905477,-0.0027786343347034333,0.022373916548876275,0.0,0.0,372,372,0.17598020530633632,0.8080159516597978
2023-12-31,2024-01-31,selection,-0.0904853733811725,0.22248005340863458,0.5897857423465054,0.6653726960078862,-0.09166494486586552,0.2211493080166188,-0.0904853733811725,0.22248005340863458,0.0,0.0,375,375,0.17598020530633632,0.8080159516597978
2024-01-31,2024-02-29,retrospective_test,0.046141034405990614,-0.05536593054492586,0.6468312086532425,0.6588654863654864,0.04484737198868413,-0.05668366151765684,0.046141034405990614,-0.05536593054492586,0.0,0.0,379,379,1.4363346891152646,-0.5926200846397833
2024-02-29,2024-03-31,retrospective_test,0.043248964482479994,-0.009530801464452232,0.6658497827640399,0.6544714969864521,0.04191726491695191,-0.010839744458425137,0.043248964482479994,-0.009530801464452232,0.0,0.0,380,380,1.4363346891152646,-0.5926200846397833
2024-03-31,2024-04-30,retrospective_test,0.020333155284223806,0.09185460582811876,0.6198786869124231,0.6513742114266589,0.01909339791039896,0.09055185740526545,0.020333155284223806,0.09185460582811876,0.0,0.0,382,382,1.4363346891152646,-0.5926200846397833
2024-04-30,2024-05-31,retrospective_test,-0.005222899004659321,0.051513716218773736,0.6100050933527945,0.6567922520221371,-0.00644290919136491,0.050200131714729465,-0.005222899004659321,0.051513716218773736,0.0,0.0,385,385,1.4363346891152646,-0.5926200846397833
2024-05-31,2024-06-30,retrospective_test,-0.07626071976828676,0.08965021350639701,0.5851177242066797,0.6939136860141357,-0.07743095521670011,0.08826238613436874,-0.07626071976828676,0.08965021350639701,0.0,0.0,378,378,1.4363346891152646,-0.5926200846397833
2024-06-30,2024-07-31,retrospective_test,0.007502828644502245,-0.0031468220254348943,0.570059045219356,0.5841226644575124,0.0063627105540635335,-0.004315067354349919,0.007502828644502245,-0.0031468220254348943,0.0,0.0,384,384,1.4363346891152646,-0.5926200846397833
2024-07-31,2024-08-31,retrospective_test,-0.0389299425186526,0.06518422729058075,0.5418900053623786,0.6627819050684604,-0.040013722529377356,0.06385866348044383,-0.0389299425186526,0.06518422729058075,0.0,0.002551020408163265,381,381,1.4363346891152646,-0.5926200846397833
2024-08-31,2024-09-30,retrospective_test,0.21163494436999303,-0.2821156757225388,0.6034143642034363,0.6615629286006973,0.21042811564158614,-0.2834388015797402,0.21163494436999303,-0.2821156757225388,0.0,0.0,380,380,1.4363346891152646,-0.5926200846397833
2024-09-30,2024-10-31,retrospective_test,0.023655237969021824,-0.16642342055812073,0.6883345764607107,0.5279570300305327,0.0222785688161004,-0.1674793346181818,0.023655237969021824,-0.16642342055812073,0.0,0.0,378,378,1.4363346891152646,-0.5926200846397833
2024-10-31,2024-11-30,retrospective_test,0.03878928033466494,0.019236827039111833,0.5720978626468645,0.5790794023983679,0.03764508460937121,0.018078668234315098,0.03878928033466494,0.019236827039111833,0.0,0.0,384,384,1.4363346891152646,-0.5926200846397833
2024-11-30,2024-12-31,retrospective_test,0.0019278665506223096,0.10642004895844008,0.5735662349062768,0.6783732302156595,0.000780734080809756,0.10506330249800876,0.0019278665506223096,0.10642004895844008,0.0,0.0,381,381,1.4363346891152646,-0.5926200846397833
2024-12-31,2025-01-31,retrospective_test,-0.016107313449805108,0.0529096346721956,0.5166601976806946,0.5905492055856572,-0.017140633845166498,0.05172853626102429,-0.016107313449805108,0.0529096346721956,0.0,0.0,384,384,1.4363346891152646,-0.5926200846397833
2025-01-31,2025-02-28,retrospective_test,0.021344611811495072,-0.08466688812962325,0.5386697940739293,0.5632177259526884,0.02026727222334721,-0.08579332358152864,0.021344611811495072,-0.08466688812962325,0.0,0.0,379,379,1.4363346891152646,-0.5926200846397833
2025-02-28,2025-03-31,retrospective_test,0.027811786832380104,0.05320261146090069,0.6120227921517941,0.5773897491161922,0.026587741248076516,0.0520478319626683,0.027811786832380104,0.05320261146090069,0.0,0.0,382,382,1.4363346891152646,-0.5926200846397833
2025-03-31,2025-04-30,retrospective_test,-0.02930416057927786,0.0403105352134502,0.6297388327949601,0.6468893146295862,-0.030563638244867783,0.03901675658419103,-0.02930416057927786,0.0403105352134502,0.0,0.0029239766081871343,385,385,1.4363346891152646,-0.5926200846397833
2025-04-30,2025-05-31,retrospective_test,0.05626344325323667,-0.05664542045612085,0.7143966937070341,0.7034083939731464,0.0548346498658226,-0.05805223724406714,0.05626344325323667,-0.05664542045612085,0.0,0.0,381,381,1.4363346891152646,-0.5926200846397833
2025-05-31,2025-06-30,retrospective_test,0.029490364672190926,-0.0342494049684782,0.6342484504854108,0.6892325338843351,0.028221867771220106,-0.035627870036246866,0.029490364672190926,-0.0342494049684782,0.0,0.0,382,382,1.4363346891152646,-0.5926200846397833
2025-06-30,2025-07-31,retrospective_test,0.04230426969890651,-0.006923173937331765,0.6350270704297251,0.6854338047026919,0.04103421555804706,-0.008294041546737149,0.04230426969890651,-0.006923173937331765,0.0,0.0,385,385,1.4363346891152646,-0.5926200846397833
2025-07-31,2025-08-31,retrospective_test,0.06247782043394191,-0.1302919662237349,0.7124973308036665,0.6761547382110739,0.061052825772334576,-0.13164427570015705,0.06247782043394191,-0.1302919662237349,0.0,0.0,389,389,1.4363346891152646,-0.5926200846397833
2025-08-31,2025-09-30,retrospective_test,0.006881773437991229,0.002404946091454017,0.6406584898626494,0.5613081302366258,0.005600456458265931,0.0012823298309807651,0.006881773437991229,0.002404946091454017,0.0,0.0,384,384,1.4363346891152646,-0.5926200846397833
2025-09-30,2025-10-31,retrospective_test,0.0261229730526891,-0.005054166883473997,0.6441962818422974,0.5944035482991537,0.024834580489004505,-0.006242973980072304,0.0261229730526891,-0.005054166883473997,0.0,0.0,388,388,1.4363346891152646,-0.5926200846397833
2025-10-31,2025-11-30,retrospective_test,-0.006830094754707024,0.0077338768524953016,0.7283759346546964,0.5987398500585926,-0.008286846624016417,0.006536397152378116,-0.006830094754707024,0.0077338768524953016,0.0,0.0,392,392,1.4363346891152646,-0.5926200846397833
2025-11-30,2025-12-31,retrospective_test,0.012233936463164912,-0.006173264974666162,0.6280407623822298,0.6037291111510685,0.010977854938400452,-0.0073807231969683,0.012233936463164912,-0.006173264974666162,0.0,0.0,388,388,1.4363346891152646,-0.5926200846397833
