factor,mean_ic,ic_std,ic_ir,months
low_volatility,0.08913384221426372,0.16676831804936215,0.534477071285691,143
value_pb,0.06095597817399813,0.16590473533885278,0.36741554151241285,137
reversal,0.05699994465424173,0.13585615544525778,0.41956100161548754,143
small_size,0.03252828304918041,0.18503905348678107,0.17579144746059883,143
roe,0.005974931929737798,0.1299338720083769,0.04598440604735147,142
roa,0.005431176941245126,0.1251232485744346,0.043406617100531654,142
low_leverage,7.831058068524936e-05,0.12068912335738792,0.0006488619562953816,142
momentum,-0.015179543886855324,0.13216638106829778,-0.114851778221961,132
liquidity_quality,-0.06900671339703683,0.14994221152962195,-0.46022205950593276,143
