refit_month,feature,standardized_coefficient
2018-01-31,long_term_reversal_12_1,-0.005854019926837814
2018-01-31,earnings_yield,0.011120876200719682
2018-01-31,book_to_market,0.0069014725193896195
2018-01-31,sales_to_price,0.004036034900981861
2018-01-31,low_volatility,0.0038108877098884542
2018-01-31,large_cap_stability,-0.004659576300268193
2018-01-31,short_reversal,0.009212723419509674
2018-01-31,illiquidity_premium,0.015535448890198485
2018-01-31,roe,-0.0006825139320268293
2018-01-31,roa,-0.0004960756691149814
2018-01-31,gross_margin,0.0054755072504696495
2018-01-31,cash_conversion,0.0028477715900337517
2018-01-31,medium_reversal_3m,0.010250465784832137
2018-01-31,medium_reversal_6m,-0.001964677308947953
2018-01-31,return_stability_6m,-0.0004248779748290828
2018-01-31,return_stability_12m,0.006032753636060993
2018-01-31,downside_stability_12m,-0.0007979749843839799
2018-01-31,low_turnover,0.01246385484524649
2018-01-31,lottery_avoidance,0.006679639073796076
2018-01-31,residual_reversal,0.001225272417393798
2018-01-31,profitability_momentum,0.006539716788977466
2018-01-31,value_composite,0.007409759281405489
2018-01-31,quality_composite,0.0016620259685945693
2018-01-31,long_term_reversal_12_1_missing,0.00532388603552265
2018-01-31,earnings_yield_missing,-0.003267566528343906
2018-01-31,book_to_market_missing,0.0020257376828058645
2018-01-31,sales_to_price_missing,-0.002070145417551482
2018-01-31,low_volatility_missing,0.0
2018-01-31,large_cap_stability_missing,0.0
2018-01-31,short_reversal_missing,0.0
2018-01-31,illiquidity_premium_missing,0.0
2018-01-31,roe_missing,-0.0010009890414763736
2018-01-31,roa_missing,-0.002570436485443998
2018-01-31,gross_margin_missing,0.0023660668851757153
2018-01-31,cash_conversion_missing,0.002790353594568677
2018-01-31,medium_reversal_3m_missing,0.0
2018-01-31,medium_reversal_6m_missing,0.0
2018-01-31,return_stability_6m_missing,0.0
2018-01-31,return_stability_12m_missing,0.0
2018-01-31,downside_stability_12m_missing,-0.0007177945811424515
2018-01-31,low_turnover_missing,0.0
2018-01-31,lottery_avoidance_missing,0.0
2018-01-31,residual_reversal_missing,0.0
2018-01-31,profitability_momentum_missing,-0.0029325936112871236
2018-01-31,value_composite_missing,-0.0011426869240158993
2018-01-31,quality_composite_missing,-0.00255666586243338
2018-04-30,long_term_reversal_12_1,-0.005755256556871211
2018-04-30,earnings_yield,0.010291183601838018
2018-04-30,book_to_market,0.005419609852510476
2018-04-30,sales_to_price,0.0035080059134866295
2018-04-30,low_volatility,0.003256278121425509
2018-04-30,large_cap_stability,-0.00432109344704782
2018-04-30,short_reversal,0.01146483053955409
2018-04-30,illiquidity_premium,0.015587255494978759
2018-04-30,roe,-0.0009727644349363384
2018-04-30,roa,0.0001686371895331945
2018-04-30,gross_margin,0.006337579745374102
2018-04-30,cash_conversion,0.0025990206694742404
2018-04-30,medium_reversal_3m,0.010811542879691688
2018-04-30,medium_reversal_6m,-0.0031079937555952225
2018-04-30,return_stability_6m,-0.0006393001632130739
2018-04-30,return_stability_12m,0.0067338477667922
2018-04-30,downside_stability_12m,-0.001364665071177178
2018-04-30,low_turnover,0.013294793957784
2018-04-30,lottery_avoidance,0.006321776564325894
2018-04-30,residual_reversal,-0.0007222265130640341
2018-04-30,profitability_momentum,0.005624279576929918
2018-04-30,value_composite,0.0068094404091616845
2018-04-30,quality_composite,0.0018609031083281786
2018-04-30,long_term_reversal_12_1_missing,0.005002194039728066
2018-04-30,earnings_yield_missing,-0.0036623108620779626
2018-04-30,book_to_market_missing,0.0007677234639302002
2018-04-30,sales_to_price_missing,-0.003429635830436585
2018-04-30,low_volatility_missing,0.0
2018-04-30,large_cap_stability_missing,0.0
2018-04-30,short_reversal_missing,0.0
2018-04-30,illiquidity_premium_missing,0.0
2018-04-30,roe_missing,-0.00038572397100742294
2018-04-30,roa_missing,-0.0017803708893038425
2018-04-30,gross_margin_missing,0.0026195501922775446
2018-04-30,cash_conversion_missing,0.0032748234410773214
2018-04-30,medium_reversal_3m_missing,0.0
2018-04-30,medium_reversal_6m_missing,0.0
2018-04-30,return_stability_6m_missing,0.0
2018-04-30,return_stability_12m_missing,0.0
2018-04-30,downside_stability_12m_missing,-0.00043750705050822435
2018-04-30,low_turnover_missing,0.0
2018-04-30,lottery_avoidance_missing,0.0
2018-04-30,residual_reversal_missing,0.0
2018-04-30,profitability_momentum_missing,-0.002573276610197535
2018-04-30,value_composite_missing,0.00025658434973816624
2018-04-30,quality_composite_missing,-0.0015208279536154678
2018-07-31,long_term_reversal_12_1,-0.00778347232632302
2018-07-31,earnings_yield,0.013392862723693432
2018-07-31,book_to_market,0.006747217994268818
2018-07-31,sales_to_price,0.006353846077336654
2018-07-31,low_volatility,0.0018909829527718213
2018-07-31,large_cap_stability,-0.005351425377764595
2018-07-31,short_reversal,0.022699720302332662
2018-07-31,illiquidity_premium,0.016746552267731238
2018-07-31,roe,0.0027540260395651876
2018-07-31,roa,0.0063630347420120525
2018-07-31,gross_margin,0.011752466111348817
2018-07-31,cash_conversion,0.006725514178332469
2018-07-31,medium_reversal_3m,0.01129377835057867
2018-07-31,medium_reversal_6m,-0.003907831389705596
2018-07-31,return_stability_6m,-0.0025049941053826965
2018-07-31,return_stability_12m,0.007873216057551799
2018-07-31,downside_stability_12m,-0.0013364286933259368
2018-07-31,low_turnover,0.016400926919353832
2018-07-31,lottery_avoidance,0.007262763547368967
2018-07-31,residual_reversal,-0.012353764713464763
2018-07-31,profitability_momentum,0.006120869931466034
2018-07-31,value_composite,0.002397199246619758
2018-07-31,quality_composite,-0.009947983740298053
2018-07-31,long_term_reversal_12_1_missing,0.005973632794882427
2018-07-31,earnings_yield_missing,-0.004243580528971636
2018-07-31,book_to_market_missing,0.0006097016184466459
2018-07-31,sales_to_price_missing,-0.004710209042353649
2018-07-31,low_volatility_missing,0.0
2018-07-31,large_cap_stability_missing,0.0
2018-07-31,short_reversal_missing,0.0
2018-07-31,illiquidity_premium_missing,0.0
2018-07-31,roe_missing,0.000377922811015187
2018-07-31,roa_missing,-0.003997824479441196
2018-07-31,gross_margin_missing,0.00344706297609394
2018-07-31,cash_conversion_missing,0.0036064206166358977
2018-07-31,medium_reversal_3m_missing,0.0
2018-07-31,medium_reversal_6m_missing,0.0
2018-07-31,return_stability_6m_missing,0.0
2018-07-31,return_stability_12m_missing,0.0
2018-07-31,downside_stability_12m_missing,-0.0006125861554231073
2018-07-31,low_turnover_missing,0.0
2018-07-31,lottery_avoidance_missing,0.0
2018-07-31,residual_reversal_missing,0.0
2018-07-31,profitability_momentum_missing,-0.0023615892187687946
2018-07-31,value_composite_missing,0.0003397452146289338
2018-07-31,quality_composite_missing,0.0003039218770000166
2018-10-31,long_term_reversal_12_1,-0.007045068052756347
2018-10-31,earnings_yield,0.01205383231654885
2018-10-31,book_to_market,0.007064322485623142
2018-10-31,sales_to_price,0.005487819186756087
2018-10-31,low_volatility,0.0018091328712190478
2018-10-31,large_cap_stability,-0.0050984272395373145
2018-10-31,short_reversal,0.02468749644006876
2018-10-31,illiquidity_premium,0.016187965171469195
2018-10-31,roe,0.0020394195116421937
2018-10-31,roa,0.006621629690335285
2018-10-31,gross_margin,0.010799466861880542
2018-10-31,cash_conversion,0.006821679965299471
2018-10-31,medium_reversal_3m,0.009899029424549184
2018-10-31,medium_reversal_6m,-0.0038216175524072456
2018-10-31,return_stability_6m,-0.0029562847577874287
2018-10-31,return_stability_12m,0.008425546275652993
2018-10-31,downside_stability_12m,-0.0006855383278295372
2018-10-31,low_turnover,0.017197591533299948
2018-10-31,lottery_avoidance,0.007835092309215731
2018-10-31,residual_reversal,-0.01605430159933245
2018-10-31,profitability_momentum,0.005449278534020751
2018-10-31,value_composite,0.003602956650556187
2018-10-31,quality_composite,-0.009630954072347929
2018-10-31,long_term_reversal_12_1_missing,0.005928316107042794
2018-10-31,earnings_yield_missing,-0.0037484166931428865
2018-10-31,book_to_market_missing,0.0010089891023037987
2018-10-31,sales_to_price_missing,-0.003157234606751344
2018-10-31,low_volatility_missing,0.0
2018-10-31,large_cap_stability_missing,0.0
2018-10-31,short_reversal_missing,0.0
2018-10-31,illiquidity_premium_missing,0.0
2018-10-31,roe_missing,0.00028388675683735647
2018-10-31,roa_missing,-0.0036719095564498043
2018-10-31,gross_margin_missing,0.0038449589242105244
2018-10-31,cash_conversion_missing,0.0024339185710409487
2018-10-31,medium_reversal_3m_missing,0.0
2018-10-31,medium_reversal_6m_missing,0.0
2018-10-31,return_stability_6m_missing,0.0
2018-10-31,return_stability_12m_missing,0.0
2018-10-31,downside_stability_12m_missing,-0.0002036538012120026
2018-10-31,low_turnover_missing,0.0
2018-10-31,lottery_avoidance_missing,0.0
2018-10-31,residual_reversal_missing,0.0
2018-10-31,profitability_momentum_missing,-0.0028148583878695108
2018-10-31,value_composite_missing,-0.00023610739939332648
2018-10-31,quality_composite_missing,-0.0018822562299333602
2019-01-31,long_term_reversal_12_1,-0.006926944618252126
2019-01-31,earnings_yield,0.011649809937869184
2019-01-31,book_to_market,0.007346882123490499
2019-01-31,sales_to_price,0.006220177109543317
2019-01-31,low_volatility,0.0023079169758522425
2019-01-31,large_cap_stability,-0.0038432185294538807
2019-01-31,short_reversal,0.026023067383137997
2019-01-31,illiquidity_premium,0.016972176855130257
2019-01-31,roe,0.0024706711403323155
2019-01-31,roa,0.0067562500518628605
2019-01-31,gross_margin,0.010277345067074483
2019-01-31,cash_conversion,0.006633898326916599
2019-01-31,medium_reversal_3m,0.009518677863631364
2019-01-31,medium_reversal_6m,-0.003285618218605483
2019-01-31,return_stability_6m,-0.0015748825710525207
2019-01-31,return_stability_12m,0.008492761905589211
2019-01-31,downside_stability_12m,-0.0004932467812999475
2019-01-31,low_turnover,0.017591289460164337
2019-01-31,lottery_avoidance,0.0067959041558477715
2019-01-31,residual_reversal,-0.015098535097083289
2019-01-31,profitability_momentum,0.005378415802956686
2019-01-31,value_composite,0.0016424615159316197
2019-01-31,quality_composite,-0.009332981376255997
2019-01-31,long_term_reversal_12_1_missing,0.005977459458890971
2019-01-31,earnings_yield_missing,-0.0035742670833241734
2019-01-31,book_to_market_missing,0.0011183145019812782
2019-01-31,sales_to_price_missing,-0.003011676656678572
2019-01-31,low_volatility_missing,0.0
2019-01-31,large_cap_stability_missing,0.0
2019-01-31,short_reversal_missing,0.0
2019-01-31,illiquidity_premium_missing,0.0
2019-01-31,roe_missing,-0.001049108600641885
2019-01-31,roa_missing,-0.0037119710019124963
2019-01-31,gross_margin_missing,0.003702018083219444
2019-01-31,cash_conversion_missing,0.001634746953907909
2019-01-31,medium_reversal_3m_missing,0.0
2019-01-31,medium_reversal_6m_missing,0.0
2019-01-31,return_stability_6m_missing,0.0
2019-01-31,return_stability_12m_missing,0.0
2019-01-31,downside_stability_12m_missing,0.0002003889921364598
2019-01-31,low_turnover_missing,0.0
2019-01-31,lottery_avoidance_missing,0.0
2019-01-31,residual_reversal_missing,0.0
2019-01-31,profitability_momentum_missing,-0.003102294081543045
2019-01-31,value_composite_missing,-0.00019103473824331395
2019-01-31,quality_composite_missing,-0.00017438091584580256
2019-04-30,long_term_reversal_12_1,-0.003653375577277329
2019-04-30,earnings_yield,0.007688894679563406
2019-04-30,book_to_market,0.005774531067274893
2019-04-30,sales_to_price,0.004433701465079084
2019-04-30,low_volatility,0.0022871047663867348
2019-04-30,large_cap_stability,-0.002203355539176459
2019-04-30,short_reversal,0.01510354617641303
2019-04-30,illiquidity_premium,0.01595119705549197
2019-04-30,roe,0.0007248502123644035
2019-04-30,roa,0.0007418021247213335
2019-04-30,gross_margin,0.005928299249056228
2019-04-30,cash_conversion,0.002855360309083529
2019-04-30,medium_reversal_3m,0.008257649224690237
2019-04-30,medium_reversal_6m,-0.0008313198225862085
2019-04-30,return_stability_6m,-0.0008887455480777721
2019-04-30,return_stability_12m,0.005916863333255338
2019-04-30,downside_stability_12m,-0.00033853890787400914
2019-04-30,low_turnover,0.0139687176156214
2019-04-30,lottery_avoidance,0.004695697305344667
2019-04-30,residual_reversal,-0.0015256406158969792
2019-04-30,profitability_momentum,0.004494506388640189
2019-04-30,value_composite,0.0066901716535319134
2019-04-30,quality_composite,0.0011190825138862413
2019-04-30,long_term_reversal_12_1_missing,0.004731952939929471
2019-04-30,earnings_yield_missing,-0.0011484637925024872
2019-04-30,book_to_market_missing,0.00038414071134159624
2019-04-30,sales_to_price_missing,-0.002218902993418309
2019-04-30,low_volatility_missing,0.0
2019-04-30,large_cap_stability_missing,0.0
2019-04-30,short_reversal_missing,0.0
2019-04-30,illiquidity_premium_missing,0.0
2019-04-30,roe_missing,-0.0006186957108914638
2019-04-30,roa_missing,-0.0025796840862001504
2019-04-30,gross_margin_missing,0.0026963764614829403
2019-04-30,cash_conversion_missing,0.0006293459968869481
2019-04-30,medium_reversal_3m_missing,0.0
2019-04-30,medium_reversal_6m_missing,0.0
2019-04-30,return_stability_6m_missing,0.0
2019-04-30,return_stability_12m_missing,0.0
2019-04-30,downside_stability_12m_missing,0.001124273673205922
2019-04-30,low_turnover_missing,0.0
2019-04-30,lottery_avoidance_missing,0.0
2019-04-30,residual_reversal_missing,0.0
2019-04-30,profitability_momentum_missing,-0.0034320989112976217
2019-04-30,value_composite_missing,-0.00010846738254961556
2019-04-30,quality_composite_missing,-0.00230978902201453
2019-07-31,long_term_reversal_12_1,-0.0041851877259182855
2019-07-31,earnings_yield,0.006785606966185666
2019-07-31,book_to_market,0.004827500577512872
2019-07-31,sales_to_price,0.004258293524716743
2019-07-31,low_volatility,0.003422231988965685
2019-07-31,large_cap_stability,-0.003439044741956701
2019-07-31,short_reversal,0.01588734760631746
2019-07-31,illiquidity_premium,0.015393206343959133
2019-07-31,roe,0.0012512950032556643
2019-07-31,roa,0.001669508772078872
2019-07-31,gross_margin,0.005593647695052318
2019-07-31,cash_conversion,0.003144233221856069
2019-07-31,medium_reversal_3m,0.007733600395813532
2019-07-31,medium_reversal_6m,-0.0010022452649475486
2019-07-31,return_stability_6m,-0.00038957412315660433
2019-07-31,return_stability_12m,0.006733832865810141
2019-07-31,downside_stability_12m,-0.00031111540374786467
2019-07-31,low_turnover,0.014905195980983173
2019-07-31,lottery_avoidance,0.005348273312097507
2019-07-31,residual_reversal,-0.0016777360073904927
2019-07-31,profitability_momentum,0.005059863723606015
2019-07-31,value_composite,0.00602095919905269
2019-07-31,quality_composite,0.001314197317042411
2019-07-31,long_term_reversal_12_1_missing,0.004479203687408135
2019-07-31,earnings_yield_missing,-0.0013259113551130114
2019-07-31,book_to_market_missing,3.791276948089794e-05
2019-07-31,sales_to_price_missing,-0.0024009961237178904
2019-07-31,low_volatility_missing,0.0
2019-07-31,large_cap_stability_missing,0.0
2019-07-31,short_reversal_missing,0.0
2019-07-31,illiquidity_premium_missing,0.0
2019-07-31,roe_missing,-0.001502937665669144
2019-07-31,roa_missing,-0.0026795337674467884
2019-07-31,gross_margin_missing,0.0026444851123905025
2019-07-31,cash_conversion_missing,0.0005210308910338249
2019-07-31,medium_reversal_3m_missing,0.0
2019-07-31,medium_reversal_6m_missing,0.0
2019-07-31,return_stability_6m_missing,0.0
2019-07-31,return_stability_12m_missing,0.0
2019-07-31,downside_stability_12m_missing,0.0011752182940402138
2019-07-31,low_turnover_missing,0.0
2019-07-31,lottery_avoidance_missing,0.0
2019-07-31,residual_reversal_missing,0.0
2019-07-31,profitability_momentum_missing,-0.002970512597440386
2019-07-31,value_composite_missing,0.0003060179421618799
2019-07-31,quality_composite_missing,-0.0011465856959751788
2019-10-31,long_term_reversal_12_1,-0.004308568311520224
2019-10-31,earnings_yield,0.00664308789983498
2019-10-31,book_to_market,0.0035865224513850894
2019-10-31,sales_to_price,0.004066059532986304
2019-10-31,low_volatility,0.003549014429039888
2019-10-31,large_cap_stability,-0.0032882431798518666
2019-10-31,short_reversal,0.016136313178014457
2019-10-31,illiquidity_premium,0.014661212461417428
2019-10-31,roe,0.001296588730224189
2019-10-31,roa,0.0022994671075129997
2019-10-31,gross_margin,0.0060071912265116266
2019-10-31,cash_conversion,0.0032768091110171303
2019-10-31,medium_reversal_3m,0.00628071218220069
2019-10-31,medium_reversal_6m,-0.0008509723388693642
2019-10-31,return_stability_6m,0.0007515964307190596
2019-10-31,return_stability_12m,0.00639594616254055
2019-10-31,downside_stability_12m,-0.0010184852444703016
2019-10-31,low_turnover,0.015024325229549409
2019-10-31,lottery_avoidance,0.005113654587301496
2019-10-31,residual_reversal,-0.00212574493832634
2019-10-31,profitability_momentum,0.00489718409764069
2019-10-31,value_composite,0.005520462541897654
2019-10-31,quality_composite,0.001331052148821292
2019-10-31,long_term_reversal_12_1_missing,0.004324417929136911
2019-10-31,earnings_yield_missing,-0.0016521258273218134
2019-10-31,book_to_market_missing,0.0003429448313631211
2019-10-31,sales_to_price_missing,-0.0025746771141974324
2019-10-31,low_volatility_missing,0.0
2019-10-31,large_cap_stability_missing,0.0
2019-10-31,short_reversal_missing,0.0
2019-10-31,illiquidity_premium_missing,0.0
2019-10-31,roe_missing,-0.0024549867861989503
2019-10-31,roa_missing,-0.0024254851027976612
2019-10-31,gross_margin_missing,0.002581994132633296
2019-10-31,cash_conversion_missing,0.0005222956446251191
2019-10-31,medium_reversal_3m_missing,0.0
2019-10-31,medium_reversal_6m_missing,0.0
2019-10-31,return_stability_6m_missing,0.0
2019-10-31,return_stability_12m_missing,0.0
2019-10-31,downside_stability_12m_missing,0.0011914536774529955
2019-10-31,low_turnover_missing,0.0
2019-10-31,lottery_avoidance_missing,0.0
2019-10-31,residual_reversal_missing,0.0
2019-10-31,profitability_momentum_missing,-0.003222814648432856
2019-10-31,value_composite_missing,0.0003163453968487367
2019-10-31,quality_composite_missing,-0.00020953135295392536
2020-01-31,long_term_reversal_12_1,-0.004058149830593652
2020-01-31,earnings_yield,0.006143593495711076
2020-01-31,book_to_market,0.003245283762343713
2020-01-31,sales_to_price,0.004280513925673455
2020-01-31,low_volatility,0.0029665083234158437
2020-01-31,large_cap_stability,-0.0021766851057810985
2020-01-31,short_reversal,0.01592315199737192
2020-01-31,illiquidity_premium,0.013672718960925312
2020-01-31,roe,0.0019003793329175715
2020-01-31,roa,0.0027709812618559467
2020-01-31,gross_margin,0.006405027661417067
2020-01-31,cash_conversion,0.003404030224586738
2020-01-31,medium_reversal_3m,0.005671239673699644
2020-01-31,medium_reversal_6m,-0.0013045936923487562
2020-01-31,return_stability_6m,0.0003125819593486271
2020-01-31,return_stability_12m,0.00693117639969827
2020-01-31,downside_stability_12m,-0.0009323568302021534
2020-01-31,low_turnover,0.014289095217246474
2020-01-31,lottery_avoidance,0.004949273152936396
2020-01-31,residual_reversal,-0.0018909351348761446
2020-01-31,profitability_momentum,0.00449211405967679
2020-01-31,value_composite,0.005215252039688219
2020-01-31,quality_composite,0.0014743296343467005
2020-01-31,long_term_reversal_12_1_missing,0.004201988623513137
2020-01-31,earnings_yield_missing,-0.0018354899600815195
2020-01-31,book_to_market_missing,0.000439896426350091
2020-01-31,sales_to_price_missing,-0.002660798982523115
2020-01-31,low_volatility_missing,0.0
2020-01-31,large_cap_stability_missing,0.0
2020-01-31,short_reversal_missing,0.0
2020-01-31,illiquidity_premium_missing,0.0
2020-01-31,roe_missing,-0.003260358565227733
2020-01-31,roa_missing,-0.002497281190832514
2020-01-31,gross_margin_missing,0.0028620581750077308
2020-01-31,cash_conversion_missing,-0.0001755997738850881
2020-01-31,medium_reversal_3m_missing,0.0
2020-01-31,medium_reversal_6m_missing,0.0
2020-01-31,return_stability_6m_missing,0.0
2020-01-31,return_stability_12m_missing,0.0
2020-01-31,downside_stability_12m_missing,0.0013478933057700536
2020-01-31,low_turnover_missing,0.0
2020-01-31,lottery_avoidance_missing,0.0
2020-01-31,residual_reversal_missing,0.0
2020-01-31,profitability_momentum_missing,-0.0033246943100613256
2020-01-31,value_composite_missing,0.00038007358916987817
2020-01-31,quality_composite_missing,0.0008904834028230359
2020-04-30,long_term_reversal_12_1,-0.005333767442656685
2020-04-30,earnings_yield,0.006732338118613156
2020-04-30,book_to_market,0.0040319713729788575
2020-04-30,sales_to_price,0.0056115951827057165
2020-04-30,low_volatility,0.0010830155656008137
2020-04-30,large_cap_stability,-0.0035766710493410183
2020-04-30,short_reversal,0.026579198153342715
2020-04-30,illiquidity_premium,0.01270364788326593
2020-04-30,roe,0.006621821832081229
2020-04-30,roa,0.01018501620166044
2020-04-30,gross_margin,0.012940771251468306
2020-04-30,cash_conversion,0.008285716565530345
2020-04-30,medium_reversal_3m,0.005293543046752031
2020-04-30,medium_reversal_6m,-0.0017924447723396122
2020-04-30,return_stability_6m,-0.0005501653934062396
2020-04-30,return_stability_12m,0.008612561765459865
2020-04-30,downside_stability_12m,-0.001543967568453824
2020-04-30,low_turnover,0.017467606839682834
2020-04-30,lottery_avoidance,0.005095615623157035
2020-04-30,residual_reversal,-0.011817099585415177
2020-04-30,profitability_momentum,0.005043486097074632
2020-04-30,value_composite,0.0029278623785679255
2020-04-30,quality_composite,-0.01387976396851447
2020-04-30,long_term_reversal_12_1_missing,0.004798160143390393
2020-04-30,earnings_yield_missing,-0.0031849018296793733
2020-04-30,book_to_market_missing,-0.0001366784575874558
2020-04-30,sales_to_price_missing,-0.0030610025447644616
2020-04-30,low_volatility_missing,0.0
2020-04-30,large_cap_stability_missing,0.0
2020-04-30,short_reversal_missing,0.0
2020-04-30,illiquidity_premium_missing,0.0
2020-04-30,roe_missing,-0.00494050066773759
2020-04-30,roa_missing,-0.004842547400889988
2020-04-30,gross_margin_missing,0.0028363359789493744
2020-04-30,cash_conversion_missing,1.6130920272343356e-05
2020-04-30,medium_reversal_3m_missing,0.0
2020-04-30,medium_reversal_6m_missing,0.0
2020-04-30,return_stability_6m_missing,0.0
2020-04-30,return_stability_12m_missing,0.0
2020-04-30,downside_stability_12m_missing,0.001372018264329817
2020-04-30,low_turnover_missing,0.0
2020-04-30,lottery_avoidance_missing,0.0
2020-04-30,residual_reversal_missing,0.0
2020-04-30,profitability_momentum_missing,-0.003844028135789587
2020-04-30,value_composite_missing,0.0006410791565951224
2020-04-30,quality_composite_missing,0.005380254197388358
2020-07-31,long_term_reversal_12_1,-0.005662055693874925
2020-07-31,earnings_yield,0.007119472835781788
2020-07-31,book_to_market,0.004697009539985609
2020-07-31,sales_to_price,0.006740187404233344
2020-07-31,low_volatility,0.001361721868811587
2020-07-31,large_cap_stability,-0.0031403187905109167
2020-07-31,short_reversal,0.027224248511317804
2020-07-31,illiquidity_premium,0.012312829194025656
2020-07-31,roe,0.008983247516301699
2020-07-31,roa,0.010354781916767303
2020-07-31,gross_margin,0.01495313948154328
2020-07-31,cash_conversion,0.00916475146747788
2020-07-31,medium_reversal_3m,0.006024017346436275
2020-07-31,medium_reversal_6m,-0.0018001608242128896
2020-07-31,return_stability_6m,-0.0008209963237947557
2020-07-31,return_stability_12m,0.007224639178687458
2020-07-31,downside_stability_12m,-0.0010235276534112238
2020-07-31,low_turnover,0.01730013151769501
2020-07-31,lottery_avoidance,0.00522862229448506
2020-07-31,residual_reversal,-0.01327022329732965
2020-07-31,profitability_momentum,0.005274924361126582
2020-07-31,value_composite,-0.00042001005132272706
2020-07-31,quality_composite,-0.01604230246175128
2020-07-31,long_term_reversal_12_1_missing,0.0050847360094443865
2020-07-31,earnings_yield_missing,-0.003287839826778942
2020-07-31,book_to_market_missing,-0.0006207732420650593
2020-07-31,sales_to_price_missing,-0.0035041050874471285
2020-07-31,low_volatility_missing,0.0
2020-07-31,large_cap_stability_missing,0.0
2020-07-31,short_reversal_missing,0.0
2020-07-31,illiquidity_premium_missing,0.0
2020-07-31,roe_missing,-0.005693190358074698
2020-07-31,roa_missing,-0.006972160850490518
2020-07-31,gross_margin_missing,0.0033912514855985103
2020-07-31,cash_conversion_missing,-0.00016907210168089462
2020-07-31,medium_reversal_3m_missing,0.0
2020-07-31,medium_reversal_6m_missing,0.0
2020-07-31,return_stability_6m_missing,0.0
2020-07-31,return_stability_12m_missing,0.0
2020-07-31,downside_stability_12m_missing,0.0021153940619672877
2020-07-31,low_turnover_missing,0.0
2020-07-31,lottery_avoidance_missing,0.0
2020-07-31,residual_reversal_missing,0.0
2020-07-31,profitability_momentum_missing,-0.00488914423193485
2020-07-31,value_composite_missing,0.0010402646063868207
2020-07-31,quality_composite_missing,0.007957457740583327
2020-10-31,long_term_reversal_12_1,-0.004637807366951679
2020-10-31,earnings_yield,0.0070843422392376535
2020-10-31,book_to_market,0.0037298927354328998
2020-10-31,sales_to_price,0.005824950587317328
2020-10-31,low_volatility,0.0003456490619185157
2020-10-31,large_cap_stability,-0.004184096622808319
2020-10-31,short_reversal,0.028581996273825155
2020-10-31,illiquidity_premium,0.011401430005269268
2020-10-31,roe,0.010415274973714618
2020-10-31,roa,0.010693234359882824
2020-10-31,gross_margin,0.01606701187289317
2020-10-31,cash_conversion,0.010284305902956477
2020-10-31,medium_reversal_3m,0.005877433335558578
2020-10-31,medium_reversal_6m,-0.0018623583867414801
2020-10-31,return_stability_6m,0.0004024193597021316
2020-10-31,return_stability_12m,0.007343841420034254
2020-10-31,downside_stability_12m,-0.0005158215343804178
2020-10-31,low_turnover,0.01775755243560829
2020-10-31,lottery_avoidance,0.005005280747381676
2020-10-31,residual_reversal,-0.016285983770051696
2020-10-31,profitability_momentum,0.005197573603743889
2020-10-31,value_composite,0.0011161074572448206
2020-10-31,quality_composite,-0.019729247429842604
2020-10-31,long_term_reversal_12_1_missing,0.005081150245411341
2020-10-31,earnings_yield_missing,-0.0036711039375883184
2020-10-31,book_to_market_missing,-0.0002680665927573548
2020-10-31,sales_to_price_missing,-0.004053400349940723
2020-10-31,low_volatility_missing,0.0
2020-10-31,large_cap_stability_missing,0.0
2020-10-31,short_reversal_missing,0.0
2020-10-31,illiquidity_premium_missing,0.0
2020-10-31,roe_missing,-0.005426005213500494
2020-10-31,roa_missing,-0.0075149952898540115
2020-10-31,gross_margin_missing,0.0029983102864069365
2020-10-31,cash_conversion_missing,0.00013168160779146785
2020-10-31,medium_reversal_3m_missing,0.0
2020-10-31,medium_reversal_6m_missing,0.0
2020-10-31,return_stability_6m_missing,0.0
2020-10-31,return_stability_12m_missing,0.0
2020-10-31,downside_stability_12m_missing,0.0017274176120599897
2020-10-31,low_turnover_missing,0.0
2020-10-31,lottery_avoidance_missing,0.0
2020-10-31,residual_reversal_missing,0.0
2020-10-31,profitability_momentum_missing,-0.004502383024351582
2020-10-31,value_composite_missing,0.0007343954777238829
2020-10-31,quality_composite_missing,0.009188982472938421
2021-01-31,long_term_reversal_12_1,-0.004419958629963079
2021-01-31,earnings_yield,0.005702063648290172
2021-01-31,book_to_market,0.0036944839199257603
2021-01-31,sales_to_price,0.006333423668213582
2021-01-31,low_volatility,-4.6656738841215756e-05
2021-01-31,large_cap_stability,-0.0033991948562129577
2021-01-31,short_reversal,0.026356121394564273
2021-01-31,illiquidity_premium,0.009499945656129657
2021-01-31,roe,0.011168675199089666
2021-01-31,roa,0.007592023921473068
2021-01-31,gross_margin,0.013888588675552512
2021-01-31,cash_conversion,0.009174148147477326
2021-01-31,medium_reversal_3m,0.006357922105898166
2021-01-31,medium_reversal_6m,-0.0018108663880397535
2021-01-31,return_stability_6m,-0.0007520476616883011
2021-01-31,return_stability_12m,0.00667506062945057
2021-01-31,downside_stability_12m,-0.0001516697851817195
2021-01-31,low_turnover,0.019569038795912375
2021-01-31,lottery_avoidance,0.00589784869271107
2021-01-31,residual_reversal,-0.014878711679039746
2021-01-31,profitability_momentum,0.0044955407539021075
2021-01-31,value_composite,0.0007738274337464183
2021-01-31,quality_composite,-0.014687530097831586
2021-01-31,long_term_reversal_12_1_missing,0.0037875877751810316
2021-01-31,earnings_yield_missing,-0.0024051565398427806
2021-01-31,book_to_market_missing,-0.0008008515138352024
2021-01-31,sales_to_price_missing,-0.0034025506288478044
2021-01-31,low_volatility_missing,0.0
2021-01-31,large_cap_stability_missing,0.0
2021-01-31,short_reversal_missing,0.0
2021-01-31,illiquidity_premium_missing,0.0
2021-01-31,roe_missing,-0.005431188507884079
2021-01-31,roa_missing,-0.004527668743168162
2021-01-31,gross_margin_missing,0.0033473249255741755
2021-01-31,cash_conversion_missing,-0.00035003327054042614
2021-01-31,medium_reversal_3m_missing,0.0
2021-01-31,medium_reversal_6m_missing,0.0
2021-01-31,return_stability_6m_missing,0.0
2021-01-31,return_stability_12m_missing,0.0
2021-01-31,downside_stability_12m_missing,0.002096188688203821
2021-01-31,low_turnover_missing,0.0
2021-01-31,lottery_avoidance_missing,0.0
2021-01-31,residual_reversal_missing,0.0
2021-01-31,profitability_momentum_missing,-0.00340840381356766
2021-01-31,value_composite_missing,0.0004768437866784442
2021-01-31,quality_composite_missing,0.005689188228895651
2021-04-30,long_term_reversal_12_1,-0.004834206433952019
2021-04-30,earnings_yield,0.005130955136829969
2021-04-30,book_to_market,0.0035756357429138474
2021-04-30,sales_to_price,0.00619532830137114
2021-04-30,low_volatility,4.08828585834632e-05
2021-04-30,large_cap_stability,-0.003215058761839859
2021-04-30,short_reversal,0.027440627619653313
2021-04-30,illiquidity_premium,0.010994355557091141
2021-04-30,roe,0.011567894736434913
2021-04-30,roa,0.010214322983802026
2021-04-30,gross_margin,0.015735165105140052
2021-04-30,cash_conversion,0.010141334469226666
2021-04-30,medium_reversal_3m,0.007435152117819706
2021-04-30,medium_reversal_6m,-0.001958075951138063
2021-04-30,return_stability_6m,-0.000567940676531334
2021-04-30,return_stability_12m,0.0070147736347702236
2021-04-30,downside_stability_12m,-0.00025603310902128676
2021-04-30,low_turnover,0.01958947783664372
2021-04-30,lottery_avoidance,0.005913752313088094
2021-04-30,residual_reversal,-0.01482985799295462
2021-04-30,profitability_momentum,0.004256522716483698
2021-04-30,value_composite,0.002154878912712617
2021-04-30,quality_composite,-0.019228224510067737
2021-04-30,long_term_reversal_12_1_missing,0.004345218556191159
2021-04-30,earnings_yield_missing,-0.0020358222855918987
2021-04-30,book_to_market_missing,-0.0004801788653287556
2021-04-30,sales_to_price_missing,-0.0034053534992492074
2021-04-30,low_volatility_missing,0.0
2021-04-30,large_cap_stability_missing,0.0
2021-04-30,short_reversal_missing,0.0
2021-04-30,illiquidity_premium_missing,0.0
2021-04-30,roe_missing,-0.004721230898575051
2021-04-30,roa_missing,-0.005238120313180263
2021-04-30,gross_margin_missing,0.0026556537534164998
2021-04-30,cash_conversion_missing,-0.0006865304901607068
2021-04-30,medium_reversal_3m_missing,0.0
2021-04-30,medium_reversal_6m_missing,0.0
2021-04-30,return_stability_6m_missing,0.0
2021-04-30,return_stability_12m_missing,0.0
2021-04-30,downside_stability_12m_missing,0.001481376715994262
2021-04-30,low_turnover_missing,0.0
2021-04-30,lottery_avoidance_missing,0.0
2021-04-30,residual_reversal_missing,0.0
2021-04-30,profitability_momentum_missing,-0.0035009690554177616
2021-04-30,value_composite_missing,0.00033496140196419445
2021-04-30,quality_composite_missing,0.006014589775863103
2021-07-31,long_term_reversal_12_1,-0.00653387158693167
2021-07-31,earnings_yield,0.0023855569987209367
2021-07-31,book_to_market,0.00022405766139509952
2021-07-31,sales_to_price,0.0033755171380561457
2021-07-31,low_volatility,0.0025934245410981
2021-07-31,large_cap_stability,-0.0009396958241394762
2021-07-31,short_reversal,0.02549261556489482
2021-07-31,illiquidity_premium,0.011925300430120024
2021-07-31,roe,0.00706597114746031
2021-07-31,roa,0.00849386752551707
2021-07-31,gross_margin,0.013347353885042733
2021-07-31,cash_conversion,0.009261060853207515
2021-07-31,medium_reversal_3m,0.006464749390427181
2021-07-31,medium_reversal_6m,-6.156052782153735e-05
2021-07-31,return_stability_6m,-0.0017413766856449945
2021-07-31,return_stability_12m,0.00762572703373129
2021-07-31,downside_stability_12m,-0.0008713468810250799
2021-07-31,low_turnover,0.015794394491216907
2021-07-31,lottery_avoidance,0.004113908551909589
2021-07-31,residual_reversal,-0.014734350842684029
2021-07-31,profitability_momentum,0.00421897619096905
2021-07-31,value_composite,0.008492230963748494
2021-07-31,quality_composite,-0.014148914839953368
2021-07-31,long_term_reversal_12_1_missing,0.0041901327177120765
2021-07-31,earnings_yield_missing,-0.0028433747493361583
2021-07-31,book_to_market_missing,-0.0006807871178404557
2021-07-31,sales_to_price_missing,-0.003682685903798027
2021-07-31,low_volatility_missing,0.0
2021-07-31,large_cap_stability_missing,0.0
2021-07-31,short_reversal_missing,0.0
2021-07-31,illiquidity_premium_missing,0.0
2021-07-31,roe_missing,-0.005288317239260666
2021-07-31,roa_missing,-0.0027251018730831077
2021-07-31,gross_margin_missing,0.0024897751602057537
2021-07-31,cash_conversion_missing,-3.70498476197391e-05
2021-07-31,medium_reversal_3m_missing,0.0
2021-07-31,medium_reversal_6m_missing,0.0
2021-07-31,return_stability_6m_missing,0.0
2021-07-31,return_stability_12m_missing,0.0
2021-07-31,downside_stability_12m_missing,0.0020455596793410302
2021-07-31,low_turnover_missing,0.0
2021-07-31,lottery_avoidance_missing,0.0
2021-07-31,residual_reversal_missing,0.0
2021-07-31,profitability_momentum_missing,-0.0032812550572268325
2021-07-31,value_composite_missing,0.001246057841310241
2021-07-31,quality_composite_missing,0.0037541255985392616
2021-10-31,long_term_reversal_12_1,-0.005163261649192498
2021-10-31,earnings_yield,0.006036592846469663
2021-10-31,book_to_market,0.0017519455276407154
2021-10-31,sales_to_price,0.004205616655089227
2021-10-31,low_volatility,0.001571293524855075
2021-10-31,large_cap_stability,0.0007807800000977946
2021-10-31,short_reversal,0.02339392009060835
2021-10-31,illiquidity_premium,0.011439604500902397
2021-10-31,roe,0.004337515012916119
2021-10-31,roa,0.003509638019854441
2021-10-31,gross_margin,0.01032748973065496
2021-10-31,cash_conversion,0.0070062758237358705
2021-10-31,medium_reversal_3m,0.007896845663958114
2021-10-31,medium_reversal_6m,-0.0017415265044371834
2021-10-31,return_stability_6m,-0.000982823346512249
2021-10-31,return_stability_12m,0.0060572380286659806
2021-10-31,downside_stability_12m,-4.581428292573203e-05
2021-10-31,low_turnover,0.016897131249354165
2021-10-31,lottery_avoidance,0.005272301734123829
2021-10-31,residual_reversal,-0.011938256058396279
2021-10-31,profitability_momentum,0.0035112022956376304
2021-10-31,value_composite,0.003859641812819075
2021-10-31,quality_composite,-0.00625439636975259
2021-10-31,long_term_reversal_12_1_missing,0.005221350187511526
2021-10-31,earnings_yield_missing,-0.003972087598085785
2021-10-31,book_to_market_missing,-0.00029472327849573287
2021-10-31,sales_to_price_missing,-0.003426701763392306
2021-10-31,low_volatility_missing,0.0
2021-10-31,large_cap_stability_missing,0.0
2021-10-31,short_reversal_missing,0.0
2021-10-31,illiquidity_premium_missing,0.0
2021-10-31,roe_missing,-0.006052863322309786
2021-10-31,roa_missing,-0.004469581392272303
2021-10-31,gross_margin_missing,0.0021533090065090285
2021-10-31,cash_conversion_missing,-0.00026088128895411885
2021-10-31,medium_reversal_3m_missing,0.0
2021-10-31,medium_reversal_6m_missing,0.0
2021-10-31,return_stability_6m_missing,0.0
2021-10-31,return_stability_12m_missing,0.0
2021-10-31,downside_stability_12m_missing,0.0028854469317125967
2021-10-31,low_turnover_missing,0.0
2021-10-31,lottery_avoidance_missing,0.0
2021-10-31,residual_reversal_missing,0.0
2021-10-31,profitability_momentum_missing,-0.002612340017716373
2021-10-31,value_composite_missing,0.0005035926296619574
2021-10-31,quality_composite_missing,0.004946418994998712
2022-01-31,long_term_reversal_12_1,-0.004464771524269064
2022-01-31,earnings_yield,0.005436103496255623
2022-01-31,book_to_market,0.002027049172375292
2022-01-31,sales_to_price,0.0024098612083168426
2022-01-31,low_volatility,0.0050631458919258255
2022-01-31,large_cap_stability,-0.0013965775179681059
2022-01-31,short_reversal,0.02562167784836164
2022-01-31,illiquidity_premium,0.0126638913951929
2022-01-31,roe,0.006400610270107618
2022-01-31,roa,0.0014886124442232956
2022-01-31,gross_margin,0.01057694761233517
2022-01-31,cash_conversion,0.006620398638763468
2022-01-31,medium_reversal_3m,0.007598783069635683
2022-01-31,medium_reversal_6m,-0.0024260216790437444
2022-01-31,return_stability_6m,-0.001061129928080387
2022-01-31,return_stability_12m,0.00766387612448183
2022-01-31,downside_stability_12m,-0.0004984153425129385
2022-01-31,low_turnover,0.016620588182471436
2022-01-31,lottery_avoidance,0.0026992602626156443
2022-01-31,residual_reversal,-0.015322913104408926
2022-01-31,profitability_momentum,0.0028115124847433465
2022-01-31,value_composite,0.0063225798219341475
2022-01-31,quality_composite,-0.006186477643309775
2022-01-31,long_term_reversal_12_1_missing,0.0041126069098010075
2022-01-31,earnings_yield_missing,-0.002709092468293474
2022-01-31,book_to_market_missing,-0.0009130609581159072
2022-01-31,sales_to_price_missing,-0.003841738797940834
2022-01-31,low_volatility_missing,0.0
2022-01-31,large_cap_stability_missing,0.0
2022-01-31,short_reversal_missing,0.0
2022-01-31,illiquidity_premium_missing,0.0
2022-01-31,roe_missing,-0.0061249010377095615
2022-01-31,roa_missing,-0.004552814513947591
2022-01-31,gross_margin_missing,0.003611817943161866
2022-01-31,cash_conversion_missing,0.0002054280381016079
2022-01-31,medium_reversal_3m_missing,0.0
2022-01-31,medium_reversal_6m_missing,0.0
2022-01-31,return_stability_6m_missing,0.0
2022-01-31,return_stability_12m_missing,0.0
2022-01-31,downside_stability_12m_missing,0.0027135821131672993
2022-01-31,low_turnover_missing,0.0
2022-01-31,lottery_avoidance_missing,0.0
2022-01-31,residual_reversal_missing,0.0
2022-01-31,profitability_momentum_missing,-0.0019226846845268445
2022-01-31,value_composite_missing,0.0018079204440394068
2022-01-31,quality_composite_missing,0.0043993509678026295
2022-04-30,long_term_reversal_12_1,-0.004446081939132232
2022-04-30,earnings_yield,0.005222703738450003
2022-04-30,book_to_market,-0.0008487329618977882
2022-04-30,sales_to_price,0.0017620772537751226
2022-04-30,low_volatility,0.003525374870181115
2022-04-30,large_cap_stability,-0.0020821812980496308
2022-04-30,short_reversal,0.027713204936291664
2022-04-30,illiquidity_premium,0.011644755782282757
2022-04-30,roe,0.0034331963347953654
2022-04-30,roa,0.004753997981276048
2022-04-30,gross_margin,0.00962301514036674
2022-04-30,cash_conversion,0.007475027775894926
2022-04-30,medium_reversal_3m,0.005345751317787961
2022-04-30,medium_reversal_6m,-0.0024167299991200483
2022-04-30,return_stability_6m,0.0007555165715368718
2022-04-30,return_stability_12m,0.0074202695374628765
2022-04-30,downside_stability_12m,9.19229542065986e-05
2022-04-30,low_turnover,0.015355732000492343
2022-04-30,lottery_avoidance,0.0029736813184342895
2022-04-30,residual_reversal,-0.016202513989800705
2022-04-30,profitability_momentum,0.0028450283061213495
2022-04-30,value_composite,0.010235689076457423
2022-04-30,quality_composite,-0.005933251104952403
2022-04-30,long_term_reversal_12_1_missing,0.0019668540955649237
2022-04-30,earnings_yield_missing,-0.002127408637527437
2022-04-30,book_to_market_missing,-0.0010284936969059898
2022-04-30,sales_to_price_missing,-0.0032204613834680195
2022-04-30,low_volatility_missing,0.0
2022-04-30,large_cap_stability_missing,0.0
2022-04-30,short_reversal_missing,0.0
2022-04-30,illiquidity_premium_missing,0.0
2022-04-30,roe_missing,-0.004193845854921665
2022-04-30,roa_missing,-0.003379375421749699
2022-04-30,gross_margin_missing,0.002059905524399387
2022-04-30,cash_conversion_missing,0.0001643204591683511
2022-04-30,medium_reversal_3m_missing,0.0
2022-04-30,medium_reversal_6m_missing,0.0
2022-04-30,return_stability_6m_missing,0.0
2022-04-30,return_stability_12m_missing,0.0
2022-04-30,downside_stability_12m_missing,0.003004625867753119
2022-04-30,low_turnover_missing,0.0
2022-04-30,lottery_avoidance_missing,0.0
2022-04-30,residual_reversal_missing,0.0
2022-04-30,profitability_momentum_missing,-0.0045942627849375655
2022-04-30,value_composite_missing,0.00025188914811718295
2022-04-30,quality_composite_missing,0.004781225473850701
2022-07-31,long_term_reversal_12_1,-0.004965586095141413
2022-07-31,earnings_yield,0.004649118783843469
2022-07-31,book_to_market,-0.0013067821391132492
2022-07-31,sales_to_price,0.002531901538010997
2022-07-31,low_volatility,0.0038372152296187716
2022-07-31,large_cap_stability,-0.0006855022964887994
2022-07-31,short_reversal,0.0285581915110557
2022-07-31,illiquidity_premium,0.01332207167710459
2022-07-31,roe,0.002310123227078475
2022-07-31,roa,0.006290260909791973
2022-07-31,gross_margin,0.0097740878713021
2022-07-31,cash_conversion,0.007219559204753041
2022-07-31,medium_reversal_3m,0.006883880465457893
2022-07-31,medium_reversal_6m,-0.00023080737896797067
2022-07-31,return_stability_6m,1.715523376819265e-05
2022-07-31,return_stability_12m,0.007209227675411332
2022-07-31,downside_stability_12m,-0.00011051397319625934
2022-07-31,low_turnover,0.014791436610252675
2022-07-31,lottery_avoidance,0.0031106987068752197
2022-07-31,residual_reversal,-0.01786324093071465
2022-07-31,profitability_momentum,0.0034887400525890513
2022-07-31,value_composite,0.009763694803326074
2022-07-31,quality_composite,-0.008087350694038365
2022-07-31,long_term_reversal_12_1_missing,0.001187041442921992
2022-07-31,earnings_yield_missing,-0.0033670511034053206
2022-07-31,book_to_market_missing,-0.0018896646523448688
2022-07-31,sales_to_price_missing,-0.002814899134356609
2022-07-31,low_volatility_missing,0.0
2022-07-31,large_cap_stability_missing,0.0
2022-07-31,short_reversal_missing,0.0
2022-07-31,illiquidity_premium_missing,0.0
2022-07-31,roe_missing,-0.003749602759650624
2022-07-31,roa_missing,-0.005178645189198249
2022-07-31,gross_margin_missing,0.001664898797207555
2022-07-31,cash_conversion_missing,0.0008553806070487728
2022-07-31,medium_reversal_3m_missing,0.0
2022-07-31,medium_reversal_6m_missing,0.0
2022-07-31,return_stability_6m_missing,0.0
2022-07-31,return_stability_12m_missing,0.0
2022-07-31,downside_stability_12m_missing,0.003522989368941261
2022-07-31,low_turnover_missing,0.0
2022-07-31,lottery_avoidance_missing,0.0
2022-07-31,residual_reversal_missing,0.0
2022-07-31,profitability_momentum_missing,-0.003312960792701975
2022-07-31,value_composite_missing,0.0009800001460393312
2022-07-31,quality_composite_missing,0.005824116082668324
2022-10-31,long_term_reversal_12_1,-0.005967465883279913
2022-10-31,earnings_yield,0.003904469571987503
2022-10-31,book_to_market,-0.004341175743700709
2022-10-31,sales_to_price,0.0013161014947077351
2022-10-31,low_volatility,0.003459858228477788
2022-10-31,large_cap_stability,-0.0010641672971282757
2022-10-31,short_reversal,0.0293609560906931
2022-10-31,illiquidity_premium,0.014113231379992243
2022-10-31,roe,0.004702029115306746
2022-10-31,roa,0.006846177960745928
2022-10-31,gross_margin,0.011398673959357897
2022-10-31,cash_conversion,0.0072371848937772395
2022-10-31,medium_reversal_3m,0.00541376393502062
2022-10-31,medium_reversal_6m,-0.0002965359836548745
2022-10-31,return_stability_6m,0.0008092676938352686
2022-10-31,return_stability_12m,0.00834309354337369
2022-10-31,downside_stability_12m,-0.0015557413052097167
2022-10-31,low_turnover,0.015758092060171626
2022-10-31,lottery_avoidance,0.006223812761147575
2022-10-31,residual_reversal,-0.018799630863275737
2022-10-31,profitability_momentum,0.0023156980021663705
2022-10-31,value_composite,0.013414864371074288
2022-10-31,quality_composite,-0.012617101153137815
2022-10-31,long_term_reversal_12_1_missing,0.001520806407470898
2022-10-31,earnings_yield_missing,-0.003474147937157181
2022-10-31,book_to_market_missing,-0.002105618027541397
2022-10-31,sales_to_price_missing,-0.0016903555465388462
2022-10-31,low_volatility_missing,0.0
2022-10-31,large_cap_stability_missing,0.0
2022-10-31,short_reversal_missing,0.0
2022-10-31,illiquidity_premium_missing,0.0
2022-10-31,roe_missing,-0.0037404795038382004
2022-10-31,roa_missing,-0.005861875993687193
2022-10-31,gross_margin_missing,0.0023252114072437485
2022-10-31,cash_conversion_missing,-8.95110744848395e-05
2022-10-31,medium_reversal_3m_missing,0.0
2022-10-31,medium_reversal_6m_missing,0.0
2022-10-31,return_stability_6m_missing,0.0
2022-10-31,return_stability_12m_missing,0.0
2022-10-31,downside_stability_12m_missing,0.004508631233367623
2022-10-31,low_turnover_missing,0.0
2022-10-31,lottery_avoidance_missing,0.0
2022-10-31,residual_reversal_missing,0.0
2022-10-31,profitability_momentum_missing,-0.0033203373981199563
2022-10-31,value_composite_missing,0.00030775550561621567
2022-10-31,quality_composite_missing,0.004232900293313268
2023-01-31,long_term_reversal_12_1,-0.006470936906916322
2023-01-31,earnings_yield,0.0034847114317949814
2023-01-31,book_to_market,-0.002433929276332868
2023-01-31,sales_to_price,0.002103193981456898
2023-01-31,low_volatility,0.005345229432190767
2023-01-31,large_cap_stability,-0.0010221926508887367
2023-01-31,short_reversal,0.0347174141327554
2023-01-31,illiquidity_premium,0.012501932188885142
2023-01-31,roe,0.00461246138836148
2023-01-31,roa,0.004534677696351005
2023-01-31,gross_margin,0.010018948725532047
2023-01-31,cash_conversion,0.00617183228783031
2023-01-31,medium_reversal_3m,0.004980264074702313
2023-01-31,medium_reversal_6m,0.0026313076981405747
2023-01-31,return_stability_6m,-0.0010652763767409412
2023-01-31,return_stability_12m,0.006389491061129476
2023-01-31,downside_stability_12m,0.0009749393026127232
2023-01-31,low_turnover,0.01650384544824549
2023-01-31,lottery_avoidance,0.0020465490356883563
2023-01-31,residual_reversal,-0.02247734070518637
2023-01-31,profitability_momentum,0.0016756769136092632
2023-01-31,value_composite,0.012259060033730148
2023-01-31,quality_composite,-0.008136431333379966
2023-01-31,long_term_reversal_12_1_missing,0.0008696790716609945
2023-01-31,earnings_yield_missing,-0.0033702028849440287
2023-01-31,book_to_market_missing,-0.0011712422296638453
2023-01-31,sales_to_price_missing,-0.002260696175635398
2023-01-31,low_volatility_missing,0.0
2023-01-31,large_cap_stability_missing,0.0
2023-01-31,short_reversal_missing,0.0
2023-01-31,illiquidity_premium_missing,0.0
2023-01-31,roe_missing,-0.004457026353215812
2023-01-31,roa_missing,-0.006458832107562888
2023-01-31,gross_margin_missing,0.0011044597801053554
2023-01-31,cash_conversion_missing,-0.0003050965123588886
2023-01-31,medium_reversal_3m_missing,0.0
2023-01-31,medium_reversal_6m_missing,0.0
2023-01-31,return_stability_6m_missing,0.0
2023-01-31,return_stability_12m_missing,0.0
2023-01-31,downside_stability_12m_missing,0.004804322411897551
2023-01-31,low_turnover_missing,0.0
2023-01-31,lottery_avoidance_missing,0.0
2023-01-31,residual_reversal_missing,0.0
2023-01-31,profitability_momentum_missing,-0.003602630330424136
2023-01-31,value_composite_missing,0.0005289810608911928
2023-01-31,quality_composite_missing,0.007433201922632137
2023-04-30,long_term_reversal_12_1,-0.005830890059295489
2023-04-30,earnings_yield,0.004542864921794082
2023-04-30,book_to_market,0.0004408702311645551
2023-04-30,sales_to_price,0.004831017726277608
2023-04-30,low_volatility,0.006249298604239191
2023-04-30,large_cap_stability,0.0012875636601192809
2023-04-30,short_reversal,0.03465848537062683
2023-04-30,illiquidity_premium,0.014134239360340639
2023-04-30,roe,0.0006864170208626439
2023-04-30,roa,0.00461384941144288
2023-04-30,gross_margin,0.009171203069636433
2023-04-30,cash_conversion,0.005093773282080488
2023-04-30,medium_reversal_3m,0.0026109002979666967
2023-04-30,medium_reversal_6m,0.0028995600341338015
2023-04-30,return_stability_6m,-0.0010151547662813427
2023-04-30,return_stability_12m,0.00849000039334084
2023-04-30,downside_stability_12m,3.2955695789030686e-05
2023-04-30,low_turnover,0.015171283663080756
2023-04-30,lottery_avoidance,0.003807862212249008
2023-04-30,residual_reversal,-0.025374760940446127
2023-04-30,profitability_momentum,0.0018577294574304098
2023-04-30,value_composite,0.008092990876915496
2023-04-30,quality_composite,-0.0025277143993726165
2023-04-30,long_term_reversal_12_1_missing,0.0010919499217015222
2023-04-30,earnings_yield_missing,-0.0015579428593683006
2023-04-30,book_to_market_missing,-0.0019069087653149524
2023-04-30,sales_to_price_missing,-0.0020365733797339703
2023-04-30,low_volatility_missing,0.0
2023-04-30,large_cap_stability_missing,0.0
2023-04-30,short_reversal_missing,0.0
2023-04-30,illiquidity_premium_missing,0.0
2023-04-30,roe_missing,-0.0020607374737881875
2023-04-30,roa_missing,-0.006974419225046293
2023-04-30,gross_margin_missing,0.0020718682951374164
2023-04-30,cash_conversion_missing,-8.460823065097343e-05
2023-04-30,medium_reversal_3m_missing,0.0
2023-04-30,medium_reversal_6m_missing,0.0
2023-04-30,return_stability_6m_missing,0.0
2023-04-30,return_stability_12m_missing,0.0
2023-04-30,downside_stability_12m_missing,0.004998109055576848
2023-04-30,low_turnover_missing,0.0
2023-04-30,lottery_avoidance_missing,0.0
2023-04-30,residual_reversal_missing,0.0
2023-04-30,profitability_momentum_missing,-0.004350561728941378
2023-04-30,value_composite_missing,0.0002749687924337695
2023-04-30,quality_composite_missing,0.005341183505082616
2023-07-31,long_term_reversal_12_1,-0.00785680910468464
2023-07-31,earnings_yield,0.0028516188119466334
2023-07-31,book_to_market,-0.004330839898549226
2023-07-31,sales_to_price,-0.00080360474080882
2023-07-31,low_volatility,0.008631720335374867
2023-07-31,large_cap_stability,-0.0019377957554205646
2023-07-31,short_reversal,0.03302243774737373
2023-07-31,illiquidity_premium,0.01249716996589065
2023-07-31,roe,0.003965949557972991
2023-07-31,roa,0.002719415715106191
2023-07-31,gross_margin,0.010446327592284017
2023-07-31,cash_conversion,0.007467361201561369
2023-07-31,medium_reversal_3m,0.004722245507155694
2023-07-31,medium_reversal_6m,0.002278022642275637
2023-07-31,return_stability_6m,-0.0007478807165272928
2023-07-31,return_stability_12m,0.009651580379830731
2023-07-31,downside_stability_12m,-0.0007913381459680082
2023-07-31,low_turnover,0.01571143538369776
2023-07-31,lottery_avoidance,0.0001962499403813134
2023-07-31,residual_reversal,-0.02390678246814172
2023-07-31,profitability_momentum,0.0011230298346443619
2023-07-31,value_composite,0.019017337440222406
2023-07-31,quality_composite,-0.008844242629115245
2023-07-31,long_term_reversal_12_1_missing,-0.0004043178372613336
2023-07-31,earnings_yield_missing,-0.0037209323900566967
2023-07-31,book_to_market_missing,-0.003369440656289244
2023-07-31,sales_to_price_missing,-0.0010951955973107794
2023-07-31,low_volatility_missing,0.0
2023-07-31,large_cap_stability_missing,0.0
2023-07-31,short_reversal_missing,0.0
2023-07-31,illiquidity_premium_missing,0.0
2023-07-31,roe_missing,-0.000713556819192927
2023-07-31,roa_missing,-0.008909053115635923
2023-07-31,gross_margin_missing,0.0016550453788206831
2023-07-31,cash_conversion_missing,0.0002558588874449023
2023-07-31,medium_reversal_3m_missing,0.0
2023-07-31,medium_reversal_6m_missing,0.0
2023-07-31,return_stability_6m_missing,0.0
2023-07-31,return_stability_12m_missing,0.0
2023-07-31,downside_stability_12m_missing,0.003581715272737244
2023-07-31,low_turnover_missing,0.0
2023-07-31,lottery_avoidance_missing,0.0
2023-07-31,residual_reversal_missing,0.0
2023-07-31,profitability_momentum_missing,-0.0032682327617578315
2023-07-31,value_composite_missing,0.0003066108393859597
2023-07-31,quality_composite_missing,0.00672121212600184
2023-10-31,long_term_reversal_12_1,-0.006270507817330179
2023-10-31,earnings_yield,0.0019031655803127096
2023-10-31,book_to_market,-0.004876831161496103
2023-10-31,sales_to_price,-0.0008301088719857102
2023-10-31,low_volatility,0.008704812805774195
2023-10-31,large_cap_stability,-0.0014341148570085692
2023-10-31,short_reversal,0.032589511437553176
2023-10-31,illiquidity_premium,0.013878699409854242
2023-10-31,roe,-0.001332729904353092
2023-10-31,roa,0.008100913598987937
2023-10-31,gross_margin,0.010924298399654253
2023-10-31,cash_conversion,0.0068687133171064394
2023-10-31,medium_reversal_3m,0.004222393480530912
2023-10-31,medium_reversal_6m,0.00038761280710596877
2023-10-31,return_stability_6m,-0.0009226440803141719
2023-10-31,return_stability_12m,0.011305247806006799
2023-10-31,downside_stability_12m,-0.0018887573393612767
2023-10-31,low_turnover,0.01512189714495854
2023-10-31,lottery_avoidance,7.67621112618042e-05
2023-10-31,residual_reversal,-0.023130398528814475
2023-10-31,profitability_momentum,0.0015901679697287994
2023-10-31,value_composite,0.02051946680353517
2023-10-31,quality_composite,-0.007875586796409276
2023-10-31,long_term_reversal_12_1_missing,-1.4632984768810152e-05
2023-10-31,earnings_yield_missing,-0.0017922624459062735
2023-10-31,book_to_market_missing,-0.003048448478486678
2023-10-31,sales_to_price_missing,-0.0021509953896231932
2023-10-31,low_volatility_missing,0.0
2023-10-31,large_cap_stability_missing,0.0
2023-10-31,short_reversal_missing,0.0
2023-10-31,illiquidity_premium_missing,0.0
2023-10-31,roe_missing,-0.003116836872630113
2023-10-31,roa_missing,-0.004163696293525037
2023-10-31,gross_margin_missing,0.002865014114379965
2023-10-31,cash_conversion_missing,-9.615719814529026e-05
2023-10-31,medium_reversal_3m_missing,0.0
2023-10-31,medium_reversal_6m_missing,0.0
2023-10-31,return_stability_6m_missing,0.0
2023-10-31,return_stability_12m_missing,0.0
2023-10-31,downside_stability_12m_missing,0.004703817358909553
2023-10-31,low_turnover_missing,0.0
2023-10-31,lottery_avoidance_missing,0.0
2023-10-31,residual_reversal_missing,0.0
2023-10-31,profitability_momentum_missing,-0.0037118140363859606
2023-10-31,value_composite_missing,-0.00013904877716943895
2023-10-31,quality_composite_missing,0.004869829880336296
2024-01-31,long_term_reversal_12_1,-0.008275453940493388
2024-01-31,earnings_yield,0.00456466165280958
2024-01-31,book_to_market,-0.0013234922234793367
2024-01-31,sales_to_price,0.0032942090578650766
2024-01-31,low_volatility,0.007727289854244754
2024-01-31,large_cap_stability,-0.001620997756417584
2024-01-31,short_reversal,0.028103806654692063
2024-01-31,illiquidity_premium,0.014469342937996194
2024-01-31,roe,0.0015986444102092862
2024-01-31,roa,0.005953658077522333
2024-01-31,gross_margin,0.011011802689501676
2024-01-31,cash_conversion,0.0065909801118868684
2024-01-31,medium_reversal_3m,0.0053592090809275695
2024-01-31,medium_reversal_6m,0.0007388601881807283
2024-01-31,return_stability_6m,0.0013511879103785106
2024-01-31,return_stability_12m,0.00869574141491612
2024-01-31,downside_stability_12m,0.001410538142054937
2024-01-31,low_turnover,0.012740183701022922
2024-01-31,lottery_avoidance,0.0026068415764319113
2024-01-31,residual_reversal,-0.019757730003212706
2024-01-31,profitability_momentum,0.001854160142965433
2024-01-31,value_composite,0.010765239159606366
2024-01-31,quality_composite,-0.008599647186513735
2024-01-31,long_term_reversal_12_1_missing,-0.00037847453040462024
2024-01-31,earnings_yield_missing,-0.0025426160625197335
2024-01-31,book_to_market_missing,-0.0030766072462610292
2024-01-31,sales_to_price_missing,-0.0032127414595973453
2024-01-31,low_volatility_missing,0.0
2024-01-31,large_cap_stability_missing,0.0
2024-01-31,short_reversal_missing,0.0
2024-01-31,illiquidity_premium_missing,0.0
2024-01-31,roe_missing,-0.0043592372553700265
2024-01-31,roa_missing,-0.0027526618260657974
2024-01-31,gross_margin_missing,0.0014638254069133827
2024-01-31,cash_conversion_missing,-0.00011460797955933319
2024-01-31,medium_reversal_3m_missing,0.0
2024-01-31,medium_reversal_6m_missing,0.0
2024-01-31,return_stability_6m_missing,0.0
2024-01-31,return_stability_12m_missing,0.0
2024-01-31,downside_stability_12m_missing,0.0033493065162686166
2024-01-31,low_turnover_missing,0.0
2024-01-31,lottery_avoidance_missing,0.0
2024-01-31,residual_reversal_missing,0.0
2024-01-31,profitability_momentum_missing,-0.003856769447748695
2024-01-31,value_composite_missing,0.0005379955163479914
2024-01-31,quality_composite_missing,0.0050001197307317944
2024-04-30,long_term_reversal_12_1,-0.007848258312161054
2024-04-30,earnings_yield,0.003972452329938248
2024-04-30,book_to_market,0.001895691296899882
2024-04-30,sales_to_price,0.004088741312625655
2024-04-30,low_volatility,0.006178755259705146
2024-04-30,large_cap_stability,-0.0007746241192083614
2024-04-30,short_reversal,0.01773340298538241
2024-04-30,illiquidity_premium,0.011691736648376062
2024-04-30,roe,-0.00017010211471550903
2024-04-30,roa,0.0025478306295657407
2024-04-30,gross_margin,0.00644872571970466
2024-04-30,cash_conversion,0.004190646696964919
2024-04-30,medium_reversal_3m,0.005716831569054655
2024-04-30,medium_reversal_6m,0.0015760709130372712
2024-04-30,return_stability_6m,0.0020147027955932715
2024-04-30,return_stability_12m,0.007761176906785621
2024-04-30,downside_stability_12m,0.0009794582822767776
2024-04-30,low_turnover,0.012616987380293921
2024-04-30,lottery_avoidance,0.0038287149535393685
2024-04-30,residual_reversal,-0.00851423520813498
2024-04-30,profitability_momentum,0.0011219894208985024
2024-04-30,value_composite,0.007330593622637991
2024-04-30,quality_composite,0.0014164671576404832
2024-04-30,long_term_reversal_12_1_missing,-0.0008589628785028734
2024-04-30,earnings_yield_missing,-0.001443403813177954
2024-04-30,book_to_market_missing,-0.0041157788688955125
2024-04-30,sales_to_price_missing,-0.00265685075425104
2024-04-30,low_volatility_missing,0.0
2024-04-30,large_cap_stability_missing,0.0
2024-04-30,short_reversal_missing,0.0
2024-04-30,illiquidity_premium_missing,0.0
2024-04-30,roe_missing,-0.0008113441312521688
2024-04-30,roa_missing,-0.003270384077923801
2024-04-30,gross_margin_missing,0.0012707927187534766
2024-04-30,cash_conversion_missing,-0.0010160804340184776
2024-04-30,medium_reversal_3m_missing,0.0
2024-04-30,medium_reversal_6m_missing,0.0
2024-04-30,return_stability_6m_missing,0.0
2024-04-30,return_stability_12m_missing,0.0
2024-04-30,downside_stability_12m_missing,0.004387923790845269
2024-04-30,low_turnover_missing,0.0
2024-04-30,lottery_avoidance_missing,0.0
2024-04-30,residual_reversal_missing,0.0
2024-04-30,profitability_momentum_missing,-0.003483552223996492
2024-04-30,value_composite_missing,0.002541758232907018
2024-04-30,quality_composite_missing,0.0031961786784250167
2024-07-31,long_term_reversal_12_1,-0.008403359067752058
2024-07-31,earnings_yield,0.004515003554992759
2024-07-31,book_to_market,0.0008595463914951347
2024-07-31,sales_to_price,0.004744825787065097
2024-07-31,low_volatility,0.006699825210022411
2024-07-31,large_cap_stability,-0.002197867661405369
2024-07-31,short_reversal,0.01867885672652139
2024-07-31,illiquidity_premium,0.011613296953585145
2024-07-31,roe,-0.0018558817547243282
2024-07-31,roa,0.0033323955543418547
2024-07-31,gross_margin,0.0054922336995225
2024-07-31,cash_conversion,0.005249641473315818
2024-07-31,medium_reversal_3m,0.0055916507984416
2024-07-31,medium_reversal_6m,0.0020814515583256698
2024-07-31,return_stability_6m,0.0015502004641347632
2024-07-31,return_stability_12m,0.009106012849206828
2024-07-31,downside_stability_12m,-0.000233615085246362
2024-07-31,low_turnover,0.012608185422696443
2024-07-31,lottery_avoidance,0.0027907969381207784
2024-07-31,residual_reversal,-0.009474482598094795
2024-07-31,profitability_momentum,0.002332201486088105
2024-07-31,value_composite,0.005470515160935608
2024-07-31,quality_composite,0.0018627029516847663
2024-07-31,long_term_reversal_12_1_missing,0.0009856707340293667
2024-07-31,earnings_yield_missing,-0.002494808126026571
2024-07-31,book_to_market_missing,-0.0017900039924703568
2024-07-31,sales_to_price_missing,-0.001303709103738873
2024-07-31,low_volatility_missing,0.0
2024-07-31,large_cap_stability_missing,0.0
2024-07-31,short_reversal_missing,0.0
2024-07-31,illiquidity_premium_missing,0.0
2024-07-31,roe_missing,-0.0024562784942437415
2024-07-31,roa_missing,-0.0030097063141738653
2024-07-31,gross_margin_missing,0.0019024145720644816
2024-07-31,cash_conversion_missing,-0.0009940728193595456
2024-07-31,medium_reversal_3m_missing,0.0
2024-07-31,medium_reversal_6m_missing,0.0
2024-07-31,return_stability_6m_missing,0.0
2024-07-31,return_stability_12m_missing,0.0
2024-07-31,downside_stability_12m_missing,0.003306681187744625
2024-07-31,low_turnover_missing,0.0
2024-07-31,lottery_avoidance_missing,0.0
2024-07-31,residual_reversal_missing,0.0
2024-07-31,profitability_momentum_missing,-0.0037501650413514554
2024-07-31,value_composite_missing,0.0011164729015140495
2024-07-31,quality_composite_missing,0.002464647040517399
2024-10-31,long_term_reversal_12_1,-0.0068107065972963145
2024-10-31,earnings_yield,0.005199052344819096
2024-10-31,book_to_market,0.0009088281534595454
2024-10-31,sales_to_price,0.002835059839450531
2024-10-31,low_volatility,0.007985561965978091
2024-10-31,large_cap_stability,-0.0007902207765280443
2024-10-31,short_reversal,0.016037905332063746
2024-10-31,illiquidity_premium,0.012388604625378968
2024-10-31,roe,-0.0016237387774159966
2024-10-31,roa,0.0013690529577371658
2024-10-31,gross_margin,0.004962934889837516
2024-10-31,cash_conversion,0.004315741794039822
2024-10-31,medium_reversal_3m,0.0025432378812451206
2024-10-31,medium_reversal_6m,0.005867761463201054
2024-10-31,return_stability_6m,0.0017299873231302295
2024-10-31,return_stability_12m,0.0069462733504465635
2024-10-31,downside_stability_12m,0.0020147382297349583
2024-10-31,low_turnover,0.0115064541115551
2024-10-31,lottery_avoidance,0.00010952637238184642
2024-10-31,residual_reversal,-0.00623889400252292
2024-10-31,profitability_momentum,0.0024946785564809526
2024-10-31,value_composite,0.006270970910656967
2024-10-31,quality_composite,6.839781335693015e-06
2024-10-31,long_term_reversal_12_1_missing,0.0011842317587533499
2024-10-31,earnings_yield_missing,-0.001703842314936998
2024-10-31,book_to_market_missing,-0.0023351711158208417
2024-10-31,sales_to_price_missing,-0.0005960230656222633
2024-10-31,low_volatility_missing,0.0
2024-10-31,large_cap_stability_missing,0.0
2024-10-31,short_reversal_missing,0.0
2024-10-31,illiquidity_premium_missing,0.0
2024-10-31,roe_missing,-0.003927572316511866
2024-10-31,roa_missing,-0.0022367513142091387
2024-10-31,gross_margin_missing,0.0013849509003455705
2024-10-31,cash_conversion_missing,-0.0007124017943626666
2024-10-31,medium_reversal_3m_missing,0.0
2024-10-31,medium_reversal_6m_missing,0.0
2024-10-31,return_stability_6m_missing,0.0
2024-10-31,return_stability_12m_missing,0.0
2024-10-31,downside_stability_12m_missing,0.003371741260336439
2024-10-31,low_turnover_missing,0.0
2024-10-31,lottery_avoidance_missing,0.0
2024-10-31,residual_reversal_missing,0.0
2024-10-31,profitability_momentum_missing,-0.003202319304214449
2024-10-31,value_composite_missing,0.0020858310854067917
2024-10-31,quality_composite_missing,0.0008368604360922818
2025-01-31,long_term_reversal_12_1,-0.005200068243202803
2025-01-31,earnings_yield,0.00580290603977841
2025-01-31,book_to_market,0.00029676499247683
2025-01-31,sales_to_price,0.0035964160529850862
2025-01-31,low_volatility,0.006843783098897464
2025-01-31,large_cap_stability,-0.003904489618456243
2025-01-31,short_reversal,0.016585035292719506
2025-01-31,illiquidity_premium,0.011151078042697764
2025-01-31,roe,-0.004281202756883327
2025-01-31,roa,0.0027410765730456503
2025-01-31,gross_margin,0.004844525272982985
2025-01-31,cash_conversion,0.004635434723162258
2025-01-31,medium_reversal_3m,0.0037541730160027213
2025-01-31,medium_reversal_6m,0.006683390704192893
2025-01-31,return_stability_6m,0.001872954940567179
2025-01-31,return_stability_12m,0.009139721866054249
2025-01-31,downside_stability_12m,3.3508831243271276e-05
2025-01-31,low_turnover,0.010463449113274575
2025-01-31,lottery_avoidance,0.0014079357009630317
2025-01-31,residual_reversal,-0.007142141234259466
2025-01-31,profitability_momentum,0.004236742960207965
2025-01-31,value_composite,0.0061930300575736095
2025-01-31,quality_composite,0.0015311197338772889
2025-01-31,long_term_reversal_12_1_missing,-0.0003074854372211481
2025-01-31,earnings_yield_missing,-0.0037115868540194634
2025-01-31,book_to_market_missing,-0.0025171545710115303
2025-01-31,sales_to_price_missing,-0.0014791131509025817
2025-01-31,low_volatility_missing,0.0
2025-01-31,large_cap_stability_missing,0.0
2025-01-31,short_reversal_missing,0.0
2025-01-31,illiquidity_premium_missing,0.0
2025-01-31,roe_missing,-0.002884906001454872
2025-01-31,roa_missing,-0.0026074155416826636
2025-01-31,gross_margin_missing,0.0020309712570287354
2025-01-31,cash_conversion_missing,-0.000372433936497488
2025-01-31,medium_reversal_3m_missing,0.0
2025-01-31,medium_reversal_6m_missing,0.0
2025-01-31,return_stability_6m_missing,0.0
2025-01-31,return_stability_12m_missing,0.0
2025-01-31,downside_stability_12m_missing,0.004076607099573782
2025-01-31,low_turnover_missing,0.0
2025-01-31,lottery_avoidance_missing,0.0
2025-01-31,residual_reversal_missing,0.0
2025-01-31,profitability_momentum_missing,-0.0035416476809443857
2025-01-31,value_composite_missing,0.00034289167201110454
2025-01-31,quality_composite_missing,0.0020303894194080227
2025-04-30,long_term_reversal_12_1,-0.0073299552791945945
2025-04-30,earnings_yield,0.0026987370665490207
2025-04-30,book_to_market,-0.004462612966178147
2025-04-30,sales_to_price,0.0006594236386406493
2025-04-30,low_volatility,0.00890663074352543
2025-04-30,large_cap_stability,-0.003674344030101546
2025-04-30,short_reversal,0.02822138691061163
2025-04-30,illiquidity_premium,0.013503214284831278
2025-04-30,roe,-0.0046862342794948214
2025-04-30,roa,0.006884369836674996
2025-04-30,gross_margin,0.006997440438712238
2025-04-30,cash_conversion,0.006721535314934678
2025-04-30,medium_reversal_3m,0.0029589603379684398
2025-04-30,medium_reversal_6m,0.007797567432521659
2025-04-30,return_stability_6m,0.0008458232766452484
2025-04-30,return_stability_12m,0.009461154436724671
2025-04-30,downside_stability_12m,-0.0008492403274281082
2025-04-30,low_turnover,0.011361723966001241
2025-04-30,lottery_avoidance,-0.000922248279739829
2025-04-30,residual_reversal,-0.016594218022662678
2025-04-30,profitability_momentum,0.0035981423827334195
2025-04-30,value_composite,0.014419210610799042
2025-04-30,quality_composite,-0.00335047252631029
2025-04-30,long_term_reversal_12_1_missing,0.0003451528481479942
2025-04-30,earnings_yield_missing,-0.003885321356935924
2025-04-30,book_to_market_missing,-0.003983001627529011
2025-04-30,sales_to_price_missing,6.605913413908164e-05
2025-04-30,low_volatility_missing,0.0
2025-04-30,large_cap_stability_missing,0.0
2025-04-30,short_reversal_missing,0.0
2025-04-30,illiquidity_premium_missing,0.0
2025-04-30,roe_missing,-0.0021020831284837196
2025-04-30,roa_missing,-0.004259801403818877
2025-04-30,gross_margin_missing,0.0013036794650176005
2025-04-30,cash_conversion_missing,-0.00040440630009848556
2025-04-30,medium_reversal_3m_missing,0.0
2025-04-30,medium_reversal_6m_missing,0.0
2025-04-30,return_stability_6m_missing,0.0
2025-04-30,return_stability_12m_missing,0.0
2025-04-30,downside_stability_12m_missing,0.003676149099952034
2025-04-30,low_turnover_missing,0.0
2025-04-30,lottery_avoidance_missing,0.0
2025-04-30,residual_reversal_missing,0.0
2025-04-30,profitability_momentum_missing,-0.00529850688741462
2025-04-30,value_composite_missing,-0.0006184960966492899
2025-04-30,quality_composite_missing,0.002035554693805307
2025-07-31,long_term_reversal_12_1,-0.006902923862685643
2025-07-31,earnings_yield,0.004536910428183594
2025-07-31,book_to_market,-0.002464585182220691
2025-07-31,sales_to_price,0.0008330868550388927
2025-07-31,low_volatility,0.009290320582531663
2025-07-31,large_cap_stability,-0.005528772321594209
2025-07-31,short_reversal,0.029375417429928462
2025-07-31,illiquidity_premium,0.012735117626076858
2025-07-31,roe,-0.00984787835567097
2025-07-31,roa,0.007410370019502646
2025-07-31,gross_margin,0.00549507983037674
2025-07-31,cash_conversion,0.004733029848090944
2025-07-31,medium_reversal_3m,0.002759953286891678
2025-07-31,medium_reversal_6m,0.007739525645600232
2025-07-31,return_stability_6m,0.002576812861108109
2025-07-31,return_stability_12m,0.009174560249374443
2025-07-31,downside_stability_12m,-0.0023627192811487454
2025-07-31,low_turnover,0.011128824870673282
2025-07-31,lottery_avoidance,-0.0012066284397801923
2025-07-31,residual_reversal,-0.018020509873291526
2025-07-31,profitability_momentum,0.0033101751969410067
2025-07-31,value_composite,0.010801436689841452
2025-07-31,quality_composite,-0.0016629973668010095
2025-07-31,long_term_reversal_12_1_missing,-0.00032909104565098196
2025-07-31,earnings_yield_missing,-0.004352354597052311
2025-07-31,book_to_market_missing,-0.001667888251233127
2025-07-31,sales_to_price_missing,-0.0004883965336325899
2025-07-31,low_volatility_missing,0.0
2025-07-31,large_cap_stability_missing,0.0
2025-07-31,short_reversal_missing,0.0
2025-07-31,illiquidity_premium_missing,0.0
2025-07-31,roe_missing,-0.0024329747410284834
2025-07-31,roa_missing,-0.006741302838049156
2025-07-31,gross_margin_missing,0.0014856238257880978
2025-07-31,cash_conversion_missing,-0.0008626062056134416
2025-07-31,medium_reversal_3m_missing,0.0
2025-07-31,medium_reversal_6m_missing,0.0
2025-07-31,return_stability_6m_missing,0.0
2025-07-31,return_stability_12m_missing,0.0
2025-07-31,downside_stability_12m_missing,0.0038892784448921374
2025-07-31,low_turnover_missing,0.0
2025-07-31,lottery_avoidance_missing,0.0
2025-07-31,residual_reversal_missing,0.0
2025-07-31,profitability_momentum_missing,-0.004507543512548392
2025-07-31,value_composite_missing,-0.0002059520899429022
2025-07-31,quality_composite_missing,0.004652669762760474
2025-10-31,long_term_reversal_12_1,-0.008844366512350078
2025-10-31,earnings_yield,0.0030189889101770563
2025-10-31,book_to_market,-0.0042761682327230165
2025-10-31,sales_to_price,-0.000972649685574036
2025-10-31,low_volatility,0.008068760176569463
2025-10-31,large_cap_stability,-0.0035057474872707316
2025-10-31,short_reversal,0.02736731082596482
2025-10-31,illiquidity_premium,0.013886129393377149
2025-10-31,roe,-0.007864991286944406
2025-10-31,roa,0.0039543992450425435
2025-10-31,gross_margin,0.006475141991596247
2025-10-31,cash_conversion,0.0048928191118646725
2025-10-31,medium_reversal_3m,0.004092334850698948
2025-10-31,medium_reversal_6m,0.008285277584122546
2025-10-31,return_stability_6m,0.001693368141475275
2025-10-31,return_stability_12m,0.009038631078385173
2025-10-31,downside_stability_12m,-0.002365204567910706
2025-10-31,low_turnover,0.009815999277950778
2025-10-31,lottery_avoidance,-0.001609865626220902
2025-10-31,residual_reversal,-0.016763985832349653
2025-10-31,profitability_momentum,0.0024972465307813024
2025-10-31,value_composite,0.015025321703781506
2025-10-31,quality_composite,0.0012462011608649027
2025-10-31,long_term_reversal_12_1_missing,-0.001460812168914444
2025-10-31,earnings_yield_missing,-0.004261668233630805
2025-10-31,book_to_market_missing,-0.0021826610611147875
2025-10-31,sales_to_price_missing,-0.0004518530740017953
2025-10-31,low_volatility_missing,0.0
2025-10-31,large_cap_stability_missing,0.0
2025-10-31,short_reversal_missing,0.0
2025-10-31,illiquidity_premium_missing,0.0
2025-10-31,roe_missing,-0.0017368144457517662
2025-10-31,roa_missing,-0.003546800151364615
2025-10-31,gross_margin_missing,0.0010947307014687732
2025-10-31,cash_conversion_missing,0.0012074780094905434
2025-10-31,medium_reversal_3m_missing,0.0
2025-10-31,medium_reversal_6m_missing,0.0
2025-10-31,return_stability_6m_missing,0.0
2025-10-31,return_stability_12m_missing,0.0
2025-10-31,downside_stability_12m_missing,0.002980269044923942
2025-10-31,low_turnover_missing,0.0
2025-10-31,lottery_avoidance_missing,0.0
2025-10-31,residual_reversal_missing,0.0
2025-10-31,profitability_momentum_missing,-0.006355500879885525
2025-10-31,value_composite_missing,-0.0005943131048011315
2025-10-31,quality_composite_missing,0.003033842237449042
