excluded_industry,annual_return,annual_volatility,sharpe_rf0,max_drawdown,total_return,months,calculation
A01,0.09057159127611847,0.190197568029683,0.47619742047376495,-0.32426889869054987,0.9722308435153635,94,remaining long holdings renormalized monthly; 50bp turnover not reoptimized
A02,0.08974684338037964,0.19007615594390667,0.4721625547123586,-0.3243793944234885,0.9605775299511223,94,remaining long holdings renormalized monthly; 50bp turnover not reoptimized
A03,0.09055603985677485,0.18998261793755522,0.47665434259117023,-0.3241993037358246,0.9720105513526951,94,remaining long holdings renormalized monthly; 50bp turnover not reoptimized
A04,0.09036191791073422,0.19002669981449422,0.47552221871424566,-0.32435502605227706,0.9692625409365796,94,remaining long holdings renormalized monthly; 50bp turnover not reoptimized
A05,0.08767879280608604,0.19172412531650584,0.4573174745814716,-0.3231293414893297,0.93162066798177,94,remaining long holdings renormalized monthly; 50bp turnover not reoptimized
B06,0.08806727529083536,0.19058032820799417,0.46210055423307456,-0.3243678106758605,0.937031564840848,94,remaining long holdings renormalized monthly; 50bp turnover not reoptimized
B07,0.09005441180346008,0.19093513853499505,0.4716492338415471,-0.324258782816055,0.9649162894668484,94,remaining long holdings renormalized monthly; 50bp turnover not reoptimized
B08,0.09140124245582015,0.1897882794279543,0.4815958220987881,-0.32601184958453255,0.9840143552985423,94,remaining long holdings renormalized monthly; 50bp turnover not reoptimized
B09,0.08745881583220161,0.1888156371719331,0.4631968895275487,-0.32518391125755697,0.9285626155330544,94,remaining long holdings renormalized monthly; 50bp turnover not reoptimized
B10,0.08625235396722752,0.1898790402248584,0.4542489464086496,-0.32663078100546694,0.9118657348145458,94,remaining long holdings renormalized monthly; 50bp turnover not reoptimized
B11,0.08972806606298556,0.19026946431185005,0.4715841629528216,-0.3244846495513638,0.9603129158472736,94,remaining long holdings renormalized monthly; 50bp turnover not reoptimized
C13,0.09014789657511524,0.19009026135763502,0.4742373224765648,-0.324942563539829,0.966236704968038,94,remaining long holdings renormalized monthly; 50bp turnover not reoptimized
C14,0.0892819354799057,0.19030175273775374,0.4691598169510352,-0.3256108571668547,0.9540351017787347,94,remaining long holdings renormalized monthly; 50bp turnover not reoptimized
C15,0.09035379901761886,0.19012494720286205,0.4752337888683906,-0.32450403233492076,0.969147681858038,94,remaining long holdings renormalized monthly; 50bp turnover not reoptimized
C17,0.08989112530608945,0.19008208525936587,0.4729068769602014,-0.3240612252825027,0.9626118224825164,94,remaining long holdings renormalized monthly; 50bp turnover not reoptimized
C18,0.08993644755873786,0.1898495116098783,0.47372493506092467,-0.32240247415796164,0.963251220218645,94,remaining long holdings renormalized monthly; 50bp turnover not reoptimized
C19,0.08977568641954736,0.1900462956551498,0.4723885099157662,-0.3240788261941171,0.9609840531201908,94,remaining long holdings renormalized monthly; 50bp turnover not reoptimized
C20,0.09015398312309464,0.18993378784640214,0.4746600599362627,-0.3232836431574929,0.9663227005856609,94,remaining long holdings renormalized monthly; 50bp turnover not reoptimized
C21,0.09067823122039664,0.18981350332549496,0.4777227627736278,-0.31984079164677526,0.9737420199809805,94,remaining long holdings renormalized monthly; 50bp turnover not reoptimized
C22,0.0896360791497075,0.1901360804998216,0.4714311924074379,-0.32462395617960416,0.9590170660473831,94,remaining long holdings renormalized monthly; 50bp turnover not reoptimized
C23,0.0904428683891425,0.19004378172805472,0.47590543382557365,-0.32313387910331903,0.9704080779789217,94,remaining long holdings renormalized monthly; 50bp turnover not reoptimized
C24,0.08984096754128079,0.19011459124346736,0.47256218974916725,-0.32443836696284234,0.9619044180287737,94,remaining long holdings renormalized monthly; 50bp turnover not reoptimized
C25,0.09103816235342088,0.19045976483144725,0.47799157178413865,-0.3252112540697114,0.9788500033919711,94,remaining long holdings renormalized monthly; 50bp turnover not reoptimized
C26,0.08812600326644904,0.1903479201892089,0.4629732921633731,-0.32900221497117643,0.9378506945506602,94,remaining long holdings renormalized monthly; 50bp turnover not reoptimized
C27,0.08724835495190475,0.19168506765379834,0.45516511024992135,-0.3379984252927114,0.9256408069902864,94,remaining long holdings renormalized monthly; 50bp turnover not reoptimized
C28,0.09003648475665993,0.1900730293073325,0.47369416421031685,-0.3243793944234884,0.9646631692506822,94,remaining long holdings renormalized monthly; 50bp turnover not reoptimized
C29,0.08913107210409588,0.19044744069158873,0.46800876809069364,-0.3243630295052461,0.951916169940342,94,remaining long holdings renormalized monthly; 50bp turnover not reoptimized
C30,0.09050212142971237,0.1901313780372118,0.4759978198443375,-0.32579018275634164,0.9712469411775235,94,remaining long holdings renormalized monthly; 50bp turnover not reoptimized
C31,0.09052576864765016,0.19042058381020022,0.4753990710262752,-0.32528427866257636,0.9715818089520722,94,remaining long holdings renormalized monthly; 50bp turnover not reoptimized
C32,0.08890215620796837,0.1897648907030144,0.46848579776067173,-0.3188224545254369,0.948704789842719,94,remaining long holdings renormalized monthly; 50bp turnover not reoptimized
C33,0.09098510172451113,0.1900398566385616,0.47876852431833,-0.3234531201890115,0.978096266500599,94,remaining long holdings renormalized monthly; 50bp turnover not reoptimized
C34,0.08922675165696892,0.18989771065483252,0.4698674425788728,-0.32172276360585894,0.953259791968621,94,remaining long holdings renormalized monthly; 50bp turnover not reoptimized
C35,0.08782837052309977,0.19037210807088,0.46135104250880704,-0.3256170065731968,0.9337024667874572,94,remaining long holdings renormalized monthly; 50bp turnover not reoptimized
C36,0.08781564361876204,0.1898003896710368,0.4626736740159736,-0.324042475538173,0.9335252596143377,94,remaining long holdings renormalized monthly; 50bp turnover not reoptimized
C37,0.09003020259250438,0.1901034119770919,0.47358541151988015,-0.3256799740221531,0.9645744752172016,94,remaining long holdings renormalized monthly; 50bp turnover not reoptimized
C38,0.0906071925356009,0.1895961375702153,0.477895772017219,-0.32050288995235554,0.9727352306212236,94,remaining long holdings renormalized monthly; 50bp turnover not reoptimized
C39,0.08356123581541408,0.1877738318596562,0.4450100154417069,-0.3200746101096207,0.8750755408272681,94,remaining long holdings renormalized monthly; 50bp turnover not reoptimized
C40,0.09048329170433211,0.18988877729337925,0.476506789890668,-0.32365123104498206,0.9709803293020263,94,remaining long holdings renormalized monthly; 50bp turnover not reoptimized
C41,0.08924440640116482,0.19027769032871739,0.469021913430782,-0.3242771622293694,0.9535078045992216,94,remaining long holdings renormalized monthly; 50bp turnover not reoptimized
C42,0.09065554202079107,0.189412266645737,0.47861494731144655,-0.3230353310350972,0.9734204106375841,94,remaining long holdings renormalized monthly; 50bp turnover not reoptimized
C43,0.0901276977030745,0.1901460552616449,0.4739919404536524,-0.3243793944234885,0.9659513426592217,94,remaining long holdings renormalized monthly; 50bp turnover not reoptimized
D44,0.0892580525552158,0.1907779334045111,0.4678636096028977,-0.3252441859616617,0.9536995236540482,94,remaining long holdings renormalized monthly; 50bp turnover not reoptimized
D45,0.09035681212528801,0.19030248144353842,0.47480627388506397,-0.3228890629315634,0.9691903080176019,94,remaining long holdings renormalized monthly; 50bp turnover not reoptimized
D46,0.08959789238749627,0.19033623095611354,0.47073482509042197,-0.32410956900110743,0.958479336145013,94,remaining long holdings renormalized monthly; 50bp turnover not reoptimized
E47,0.09007670296819281,0.18988009315495857,0.4743872907976848,-0.3246685444976284,0.9652310683491643,94,remaining long holdings renormalized monthly; 50bp turnover not reoptimized
E48,0.0894555623228459,0.19015279712720723,0.47044042304043776,-0.32381324684028545,0.9564762382666088,94,remaining long holdings renormalized monthly; 50bp turnover not reoptimized
E49,0.08666254654908356,0.18989520404082075,0.4563703806361228,-0.32225092091593244,0.9175284073643288,94,remaining long holdings renormalized monthly; 50bp turnover not reoptimized
E50,0.09116890386000986,0.19012764990973025,0.47951417851793515,-0.3260854150018335,0.9807082820704622,94,remaining long holdings renormalized monthly; 50bp turnover not reoptimized
F51,0.08925618211337882,0.19033193194908735,0.46895011887576654,-0.3241972284008108,0.9536732442653313,94,remaining long holdings renormalized monthly; 50bp turnover not reoptimized
F52,0.08947254788869996,0.1902093907146668,0.4703897507506229,-0.3272750862486806,0.9567151925492743,94,remaining long holdings renormalized monthly; 50bp turnover not reoptimized
G53,0.09058867450429031,0.1902721097907304,0.476100646615648,-0.3242236568562715,0.9724728591141711,94,remaining long holdings renormalized monthly; 50bp turnover not reoptimized
G54,0.09002625579392531,0.1904732602502878,0.47264511394212505,-0.32453672920018617,0.9645187545685261,94,remaining long holdings renormalized monthly; 50bp turnover not reoptimized
G55,0.08981560197476979,0.19042884499940585,0.47164914524924006,-0.3244262166379701,0.9615467572200067,94,remaining long holdings renormalized monthly; 50bp turnover not reoptimized
G56,0.09026130622002815,0.19024578294472932,0.4744457660133843,-0.3245253717297131,0.9678395862076428,94,remaining long holdings renormalized monthly; 50bp turnover not reoptimized
G58,0.09024600524681725,0.18963679469530306,0.4758886870652875,-0.32057455420229586,0.9676232625927563,94,remaining long holdings renormalized monthly; 50bp turnover not reoptimized
G59,0.09023899774228528,0.18983218313491423,0.4753619552389185,-0.322523422185782,0.9675241981269607,94,remaining long holdings renormalized monthly; 50bp turnover not reoptimized
G60,0.08973704847901098,0.19094785176965504,0.4699557897475743,-0.326422923953679,0.9604394941504026,94,remaining long holdings renormalized monthly; 50bp turnover not reoptimized
H61,0.0907464405763192,0.18997668081756694,0.4776714709710202,-0.3243793944234885,0.9747091327036441,94,remaining long holdings renormalized monthly; 50bp turnover not reoptimized
H62,0.08979056840492405,0.1899170900547547,0.47278824869861197,-0.3243793944234885,0.9611938334153209,94,remaining long holdings renormalized monthly; 50bp turnover not reoptimized
I63,0.09153687133878319,0.19040759508503888,0.4807417020203498,-0.32420022028294426,0.9859465174097335,94,remaining long holdings renormalized monthly; 50bp turnover not reoptimized
I64,0.08589337816480569,0.1897901740230261,0.45257020605494974,-0.3246730937487412,0.9069220802988931,94,remaining long holdings renormalized monthly; 50bp turnover not reoptimized
I65,0.08780620611521384,0.189884300281023,0.4624195153852284,-0.33033433079902186,0.9333938626256566,94,remaining long holdings renormalized monthly; 50bp turnover not reoptimized
J66,0.09165469238524482,0.19638079656022944,0.46671922097604174,-0.3321332553523544,0.9876263221088835,94,remaining long holdings renormalized monthly; 50bp turnover not reoptimized
J67,0.09022093747292015,0.1860229153656654,0.4849990513027536,-0.3273261415052905,0.9814811108000727,95,remaining long holdings renormalized monthly; 50bp turnover not reoptimized
J68,0.09107355657197735,0.18991399150621782,0.4795515899048206,-0.3253700585407796,0.9793529246666375,94,remaining long holdings renormalized monthly; 50bp turnover not reoptimized
J69,0.0879559573140436,0.18977222538084565,0.46348171940086913,-0.3243793944234885,0.9354797458722253,94,remaining long holdings renormalized monthly; 50bp turnover not reoptimized
K70,0.09184015391078981,0.19034146654526982,0.48250208206180356,-0.3242877178000043,0.9902730054813602,94,remaining long holdings renormalized monthly; 50bp turnover not reoptimized
L71,0.08877252764185228,0.18950923421937368,0.46843378375478123,-0.32409546671258194,0.9468883213029127,94,remaining long holdings renormalized monthly; 50bp turnover not reoptimized
L72,0.09160490838557167,0.18967450324514967,0.48295847263759306,-0.3227964387712762,0.9869163877788074,94,remaining long holdings renormalized monthly; 50bp turnover not reoptimized
M73,0.09001097149507808,0.18977533317099915,0.47430279789825325,-0.32363266265499535,0.9643029848265949,94,remaining long holdings renormalized monthly; 50bp turnover not reoptimized
M74,0.09075230418555158,0.18971924041095994,0.4783505562691937,-0.322195661012603,0.9747922897268939,94,remaining long holdings renormalized monthly; 50bp turnover not reoptimized
M75,0.0907720818340183,0.19014213656617385,0.47739066928191126,-0.3242199233182437,0.9750727965631787,94,remaining long holdings renormalized monthly; 50bp turnover not reoptimized
N77,0.08936633875658129,0.18993122079678348,0.4705194774280876,-0.3245687739238188,0.9552214520991917,94,remaining long holdings renormalized monthly; 50bp turnover not reoptimized
N78,0.0897563644471362,0.190124054760526,0.47209367883611764,-0.3243169445123161,0.9607117148314626,94,remaining long holdings renormalized monthly; 50bp turnover not reoptimized
O80,0.09175322027005861,0.19023750084726987,0.4823087974842652,-0.3249719280683293,0.9890320107912896,94,remaining long holdings renormalized monthly; 50bp turnover not reoptimized
P82,0.09080039153395036,0.18992716738829202,0.47808005975425144,-0.32578513017662925,0.975474374162209,94,remaining long holdings renormalized monthly; 50bp turnover not reoptimized
Q83,0.09092604525998715,0.19036748844583126,0.47763431666988665,-0.32423274349396636,0.9772576520656655,94,remaining long holdings renormalized monthly; 50bp turnover not reoptimized
R85,0.08831122272679148,0.19089857676444913,0.46260807295467277,-0.3224848757130724,0.9404360897233426,94,remaining long holdings renormalized monthly; 50bp turnover not reoptimized
R86,0.09146791207251703,0.18984704692634347,0.4817979186581954,-0.32267296247343047,0.9849639222161217,94,remaining long holdings renormalized monthly; 50bp turnover not reoptimized
R87,0.0893714328679398,0.1901664108955889,0.4699643456856811,-0.3244043614973432,0.9552930736932665,94,remaining long holdings renormalized monthly; 50bp turnover not reoptimized
R88,0.09208894675082657,0.1899597578465849,0.4847813441897486,-0.32419191430244787,0.9938283051309753,94,remaining long holdings renormalized monthly; 50bp turnover not reoptimized
S90,0.08965627796922981,0.19007739622931288,0.4716830078052354,-0.3243962327391088,0.9593015493933175,94,remaining long holdings renormalized monthly; 50bp turnover not reoptimized
