signal_month,return_column,observations,design_columns,condition_number,intercept,beta_log_size,beta_market,beta_volatility,beta_liquidity,residual_mean,residual_std,regression_valid
2014-01-31,forward_return_1m,2444,84,995682721984.7006,0.07210106675000479,-0.0031928719147815226,0.0,0.01941475095387334,-0.030135756641893975,1.3082824512767802e-17,0.11691453978051007,True
2014-02-28,forward_return_1m,2430,84,990082439540.2495,-0.028274780060034498,0.013376765499022482,0.0,-0.015272217070511816,-0.036015641235353155,1.023415463028951e-17,0.09806208825992586,True
2014-03-31,forward_return_1m,2429,84,989712824884.2335,0.0018010749316533247,-0.002886679750171311,0.0,-0.0003725151716341326,-0.013109559539288784,4.022215980527533e-18,0.10073835812176939,True
2014-04-30,forward_return_1m,2405,84,979735466216.538,0.04512139608567058,-0.023582103489336363,0.0,0.0038494481027031755,0.0013131029458015582,3.471466588432922e-17,0.11467187697733407,True
2014-05-31,forward_return_1m,2375,83,967474955443.6677,-0.007002427631499336,-0.029923057029614446,0.0,-0.006496068974799369,0.006693766243050906,3.833191074495277e-17,0.10189190665036485,True
2014-06-30,forward_return_1m,2388,84,972909784888.3284,0.08664931196452068,0.0046689862011829505,0.0,-0.017512702798433435,-0.016271198647119362,5.355849767035931e-17,0.1152052694802364,True
2014-07-31,forward_return_1m,2398,83,976921623719.9954,0.0589064905674131,-0.015586995132243979,0.0,-0.0011643749308876505,-0.019718350231049345,-2.5741618085554087e-17,0.1055807517646761,True
2014-08-31,forward_return_1m,2405,83,389421829948.36304,0.26838816978806107,-0.021594827388209,0.004206382049442921,0.006251616501377871,-0.022559043721289675,5.687296325730532e-17,0.10719545511742898,True
2014-09-30,forward_return_1m,2433,83,394819549553.4235,-0.07405319726054087,-0.005576985416240217,-0.00021900102157769132,-0.002711977082410609,-0.010994505189581755,-1.5514830594843948e-18,0.13074203753829777,True
2014-10-31,forward_return_1m,2402,82,402741314796.9563,0.09006152781196669,0.015163466832533447,-0.0010269045962835904,0.0123423250858228,-0.03416316939532618,1.257205090333233e-17,0.14889095153945087,True
2014-11-30,forward_return_1m,2411,84,420270966717.75507,-0.09913209693997833,0.06869832174541868,-0.0015149409743165716,-0.014324748759976075,0.003781613831744067,-2.873410067880953e-17,0.17114507023243675,True
2014-12-31,forward_return_1m,2455,84,520510642397.1792,0.10782359620746483,0.015029536073519704,0.017286434862212097,0.006554140919945708,-0.04310703878311629,-9.840510393418902e-17,0.16922913391813013,True
2015-01-31,forward_return_1m,2459,83,504323907818.7006,-0.004203303575801243,0.005496253916345185,0.010705940412776976,0.019000841838633816,-0.03127016623539863,3.2868741843314924e-17,0.1776997086935043,True
2015-02-28,forward_return_1m,2445,82,471812834423.69226,0.23320187901198253,-0.020016220654164567,0.0007528024154121487,0.030251020485736954,-0.022444934886449327,2.7607999957958903e-17,0.1734625423936001,True
2015-03-31,forward_return_1m,2490,82,488398383809.60846,0.20992497222676376,0.05250526918168395,-0.007887585092081342,0.028651098065705042,-0.08538089741510471,4.744085534944444e-17,0.1973774630714224,True
2015-04-30,forward_return_1m,2521,83,531145136333.7997,0.24940156756105772,0.018645764693514453,-0.018149165310319015,0.11044713934152413,-0.1861903674629393,-3.100345138183698e-17,0.2472939382067649,True
2015-05-31,forward_return_1m,2530,83,493232257240.2251,-0.07233576870946855,0.05613103212760039,-0.0597629475468169,-0.008697828931870086,-0.1645503267501732,-6.6701146143487666e-18,0.20857282467886235,True
2015-06-30,forward_return_1m,2543,83,513136554730.1529,-0.20355502428588707,0.12029950784658947,0.01574780724093767,0.012823070068395323,-0.16344441641180774,1.184878210315641e-16,0.1803219577337751,True
2015-07-31,forward_return_1m,2471,83,499539661212.03406,-0.1202837036433261,-0.020876441480021178,-0.009060083314968874,-0.0262360543298547,-0.011269260194134606,9.273574758503938e-17,0.1614283557857597,True
2015-08-31,forward_return_1m,2423,83,457396435560.56464,-0.016819063352689203,-0.0024884838909115157,0.007998305595588836,0.011325020873318969,-0.02302443502504058,8.797475061000002e-18,0.14219872506236345,True
2015-09-30,forward_return_1m,2427,83,462424158582.0797,0.1514759725420157,-0.04849896195035888,0.018320648232913798,0.02031135305046183,0.015782875935628465,1.463829286691595e-17,0.14285865531178196,True
2015-10-31,forward_return_1m,2472,83,422012997553.26807,0.09907907293573152,-0.05246657280194403,0.01470626909673255,-0.0012912782303015815,-0.023912982926323927,6.826614067274426e-17,0.1639236994677276,True
2015-11-30,forward_return_1m,2548,83,454681154670.37994,0.05390297472054088,-0.012827117570297343,-0.01020788494305247,-0.012059726730707925,-0.030791199021077242,5.786405717041632e-17,0.12466062084125176,True
2015-12-31,forward_return_1m,2637,83,457913174669.63666,-0.2851324911599827,0.04452890881725081,0.00120873545817628,0.01905806965304333,-0.08656765455636561,1.2967337564829285e-16,0.1263669372756847,True
2016-01-31,forward_return_1m,2645,83,467420192028.04114,-0.021313874653399987,-0.0015909343146520117,-0.0035492274806001958,-0.0030973355378383608,-0.006500740314374398,1.0073857312288756e-17,0.10189487457284861,True
2016-02-29,forward_return_1m,2632,83,437939802292.10944,0.18631103542747648,-0.030853096284143386,0.006565462233352522,0.010588718761270675,0.0025902739460597823,2.6321396936401888e-17,0.11788562115737543,True
2016-03-31,forward_return_1m,2659,83,451739717450.30585,0.0253795681034135,0.0108312585996108,-0.004491496797475918,0.012179170547060794,-0.06517524834940987,2.004163414140937e-18,0.11762671703072827,True
2016-04-30,forward_return_1m,2641,83,454309283915.87054,-0.013463963440727983,0.022730829135318605,0.0008819618929660436,0.013848612390078209,-0.04147019687431064,7.566836214787132e-18,0.10476326184817977,True
2016-05-31,forward_return_1m,2638,83,421022722671.569,0.0010323868645932942,0.013746571420292977,0.006184317074915627,0.04497019713537887,-0.061287289235078576,-2.6934902796061417e-18,0.12759077984668568,True
2016-06-30,forward_return_1m,2662,83,435402354877.1033,-0.02325653587151837,0.05534116593772172,-0.002888195752850369,0.03486158329275304,-0.10384595631974486,1.0676825480993242e-17,0.12355781193729706,True
2016-07-31,forward_return_1m,2706,83,419029489627.4731,0.0450315066119958,0.03156604910083131,0.004085817496185306,0.06302270838899218,-0.087396000009119,4.627980679146994e-17,0.11272647792901166,True
2016-08-31,forward_return_1m,2750,83,436872032675.88196,-0.02912844607290211,0.0208413873636449,0.001680088451632484,0.03210943120502519,-0.07541014192938271,2.9067657372004098e-18,0.10342217539055326,True
2016-09-30,forward_return_1m,2788,83,399638173645.90546,0.022275820444075337,0.010918537951517163,-0.0013694847228688132,0.027398049716655208,-0.05126607331950805,3.8228626385945135e-17,0.10655569540766063,True
2016-10-31,forward_return_1m,2802,83,414352455224.7769,0.028974779213094784,0.028592239355807028,-0.0010203743383871288,0.050530858481792916,-0.07847703406241485,5.150927665998228e-18,0.11030285273528964,True
2016-11-30,forward_return_1m,2859,83,434434937537.5979,0.004449709773451134,0.020219279420516958,0.0014903845096438124,0.03149388896890803,-0.0662740193219523,-8.69849449164166e-18,0.10813484442260798,True
2016-12-31,forward_return_1m,2906,84,450921665011.08154,-0.02421973721358999,0.043218181519566176,0.0019318883076318938,0.015335078311523075,-0.0545326830138805,2.0019162591313903e-17,0.09937619336446116,True
2017-01-31,forward_return_1m,2947,84,497200365722.9911,0.038232058825740704,0.03128107004555513,0.00039356538051557973,0.053114952641465575,-0.07825029949118495,6.238647196400609e-17,0.11454523922625169,True
2017-02-28,forward_return_1m,2962,85,460464677097.71185,-0.0484332686067194,0.03523164739570072,-0.0008697129868241491,0.035247790922267194,-0.04440040732780703,1.499288351958348e-17,0.09842867454115052,True
2017-03-31,forward_return_1m,3015,86,471405876253.19836,-0.11603072679780163,0.04932773445388842,-0.0017274069066393902,0.009084145400771782,-0.0488355412835064,-1.9148125134496895e-17,0.1210394211334009,True
2017-04-30,forward_return_1m,3044,86,523712070742.78265,-0.08605692083917792,0.04193944653882125,-0.004471913492667733,0.016743875174136,-0.03855159584787092,5.25204058955396e-18,0.09858679899063846,True
2017-05-31,forward_return_1m,3054,87,518072900242.3683,0.027191023882573842,0.024559809091728037,0.0069551098015186805,-0.001257034146106672,-0.02288264895964086,5.0603485601775306e-17,0.09143739535029652,True
2017-06-30,forward_return_1m,3085,87,549007866111.3276,0.03068192383733105,0.03346246983415525,-0.000815291179798287,-0.00031087270254642676,-0.02478689562792376,3.4548269161755276e-18,0.11980218318384597,True
2017-07-31,forward_return_1m,3122,87,546931560728.39526,0.03182248568963189,0.029847511993691848,-7.882368386580967e-05,0.04575895862886956,-0.06058579086507476,1.8918598625899528e-17,0.11153381266741655,True
2017-08-31,forward_return_1m,3155,87,535257806094.3195,0.02985481770422542,0.022738435145822012,0.002180413804124722,0.009021434184565904,-0.03542855354231534,-3.1670387390258032e-18,0.1005758165370992,True
2017-09-30,forward_return_1m,3236,87,530525839948.7593,-0.03324423884208499,0.04798560158464582,0.0032048956164646707,0.020753329155438233,-0.05858835981040801,1.5644675501516422e-17,0.10961675811593485,True
2017-10-31,forward_return_1m,3259,87,537569237188.21594,-0.10828720785857318,0.04857451310881241,0.004550183814882249,0.009808276848025613,-0.03842284509063997,-3.9789521103472934e-17,0.09166935766756486,True
2017-11-30,forward_return_1m,3315,87,540117046556.50854,0.002599787556676056,0.018926465078322505,0.001357964997964266,0.004481410788983831,-0.009559491843596887,1.875489875686539e-18,0.0819876893050564,True
2017-12-31,forward_return_1m,3325,87,543475156002.44836,-0.04462414249790328,0.032621482099653536,-0.004272529427419251,-0.0012443721047955146,-0.02369625375877523,8.013639876993612e-18,0.11562356040556505,True
2018-01-31,forward_return_1m,3340,89,582050947512.0409,-0.006481767811627392,0.010632599977139034,-0.0007099569290042655,0.0017729236177554408,0.003424164256077946,1.1966475714522646e-18,0.08654043207757714,True
2018-02-28,forward_return_1m,3326,89,571965201864.0939,0.04202779881513675,-0.011969664022893574,0.007825357776764639,0.01847395443996402,-0.029671003341498976,1.6690063509097362e-17,0.12334322320529684,True
2018-03-31,forward_return_1m,3311,89,533437424281.26135,-0.08868785197047024,0.027830570186145306,-0.001112562798610601,0.013021790499798508,-0.04375860542049449,5.391841206877837e-17,0.09725684606453167,True
2018-04-30,forward_return_1m,3313,89,523292673411.3507,0.0439076949189281,0.00660163919780398,0.006354044344818594,0.007151428849657597,-0.01655794515121814,1.6085332080292036e-17,0.12337799091259004,True
2018-05-31,forward_return_1m,3369,88,552244453470.4436,-0.15953332300270354,0.02444735248213065,0.0075129136182743896,0.027632822445565235,-0.017844522385824752,-9.807134821265853e-17,0.11006773885534388,True
2018-06-30,forward_return_1m,3385,89,558851565476.2653,0.006487362717470374,0.02435877198123603,8.11607495778618e-05,0.009901713040658226,-0.039648405419312284,4.7229576232207546e-18,0.09660155733884447,True
2018-07-31,forward_return_1m,3400,89,554517932256.0908,-0.05591893726176248,0.014605658234864715,-0.008676174418591242,-0.006970694141636196,-0.01856658593632247,-8.947091433743908e-18,0.07978218055520891,True
2018-08-31,forward_return_1m,3450,89,582615208717.5515,-0.007680672063585561,0.009535737845174717,-0.001172649002506136,0.00573524454870327,-0.00641569638994148,-2.445708691927881e-18,0.07854121269382089,True
2018-09-30,forward_return_1m,3486,89,597103518225.1606,-0.12028089627959088,-0.0016219678281551037,-0.003138118728825096,0.010982429606917182,-0.026928816406342353,1.5032279622004414e-17,0.08720893431935893,True
2018-10-31,forward_return_1m,3511,89,582551771116.8838,0.047241024384212814,0.009066073874156168,0.011529639671746042,0.006792193521609161,-0.028701906482968408,2.2261378790547144e-17,0.09624517594635165,True
2018-11-30,forward_return_1m,3542,89,560096919239.7924,-0.05439100527530266,-0.0016350984405069198,-0.0022246013348720776,-0.005024731596491452,-0.009767673370223788,2.35710817198791e-17,0.08467133483719488,True
2018-12-31,forward_return_1m,3555,90,558946327565.4357,-0.0596117805929961,0.03386612427616974,-0.0015627318468575068,-0.009846752897298241,-0.017153788231913318,1.5302652097505673e-17,0.09063943867710676,True
2019-01-31,forward_return_1m,3574,90,572214058919.9266,0.2113218368298941,-0.02244334295867492,0.008188393468111288,0.03044048464357079,0.013118366116204414,-8.349970593711306e-17,0.10908191204760789,True
2019-02-28,forward_return_1m,3580,90,682605672101.1892,0.11333704107182382,0.00937478107344456,0.003460718053262035,0.009280727228231665,-0.027066457402195085,1.125108696463706e-16,0.1261348728187441,True
2019-03-31,forward_return_1m,3591,90,643124559152.4999,-0.07068750645915457,0.028122104182037023,0.004241708806540121,-0.0034135369331227197,-0.03465356460409961,1.2737730051394165e-17,0.11607920872663609,True
2019-04-30,forward_return_1m,3600,90,626054193272.2146,0.2192791010900062,-0.011574568671396019,-0.011258383566477124,-0.0059016439898379605,-0.0120711761687709,6.241920560670324e-17,0.12456864262556118,True
2019-05-31,forward_return_1m,3606,90,600902949073.1029,0.024088166794575733,0.0040638238325341105,-0.0034864045899329183,-0.009423219027112137,-0.004905496474654422,-6.8965601085977556e-18,0.08637678521823515,True
2019-06-30,forward_return_1m,3617,90,578870868230.3705,-0.05711240145210511,0.008996141601690925,-0.003378554827846431,-0.011302224801126224,-0.011644722669242174,2.4555665460329698e-17,0.09305780512661121,True
2019-07-31,forward_return_1m,3652,90,573753787672.953,-0.008979009747796519,0.003480537738647246,-0.00518997761254354,0.007739303309575727,0.0016966289936014452,1.2160164563254726e-17,0.09358307613006589,True
2019-08-31,forward_return_1m,3666,90,622487072111.2826,-0.058311384829095966,-0.004686915546488391,0.0012283387156612575,-0.007616466501867028,-0.0060807498020970865,-6.056863200355464e-18,0.10028644645902249,True
2019-09-30,forward_return_1m,3677,90,626500532530.4906,-0.020627934857927254,0.018049863048564967,0.0010951985344442566,0.0026169196735285677,-0.01990022604653298,-8.937340638810072e-18,0.09589557779952776,True
2019-10-31,forward_return_1m,3692,90,624511218873.9358,-0.01651507986454964,0.01890692011727437,0.0010729059469072736,0.007538139687877466,-0.020982356733981862,-2.405683693662311e-18,0.09243450191513687,True
2019-11-30,forward_return_1m,3721,90,623479610263.7867,0.08977809793186983,-0.00942612802320735,0.0009420469705081526,-0.0017186749708979132,0.006875929006900649,4.1114951032880026e-17,0.10741021076198758,True
2019-12-31,forward_return_1m,3748,90,637736117768.0071,0.009895478215577543,0.0040420387453144685,-0.0024706113573209946,0.0010783983994694301,0.00551633408051184,1.6588177529084516e-18,0.1147040137652916,True
2020-01-31,forward_return_1m,3762,90,658885160014.0962,-0.024710682973682035,0.005452315633919199,0.0012079574608108968,0.014408539250601515,0.00809537406176091,-7.554946685381183e-18,0.13657944444949,True
2020-02-29,forward_return_1m,3784,90,668090443314.4138,0.23920841987794603,0.007917327206695492,-0.012510804398614494,-0.011835180681824929,-0.048871985352031334,7.393662848983601e-18,0.1198775584543062,True
2020-03-31,forward_return_1m,3797,90,685281489612.689,-0.02999367238715878,0.01559534719325971,0.01018370697771635,-0.008389231050426027,0.01145702656447759,4.6783166694765615e-18,0.12296427150650711,True
2020-04-30,forward_return_1m,3817,90,650412039050.8949,0.11286770437650921,0.0145449055262943,-0.003028771273748998,0.006992156606889247,-0.024930816061369886,3.8626569994818127e-17,0.13749766944010675,True
2020-05-31,forward_return_1m,3828,90,662302438470.0731,-0.021496058375616606,0.0008758076261073771,0.0054678187688830876,-0.0004219434061259894,0.0163396796368911,5.0812715233627854e-17,0.13088785653467216,True
2020-06-30,forward_return_1m,3858,90,726252236182.227,0.20481479410147727,0.029468026476804868,0.00807719160491908,0.012070148741528976,-0.029193471252283776,7.919475800332895e-17,0.1896209694779635,True
2020-07-31,forward_return_1m,3934,90,777848413432.7544,0.1370820310645423,0.01785856329261056,-0.005823942665397221,-0.002668690200990427,-0.04559489610002877,2.2125441060145468e-17,0.12823990025666665,True
2020-08-31,forward_return_1m,3989,90,751834071989.5591,-0.1153499820423862,0.0059788923432093225,0.0012516270606595708,0.0034995856136445097,-0.01129055304024861,2.4492260257461462e-18,0.10135398299407306,True
2020-09-30,forward_return_1m,4057,90,695283607599.211,-0.02853383273278765,0.014721345545549465,-0.0009403809373761644,0.03463818267934219,-0.021991281263494436,-4.378498494947622e-19,0.1175557533116981,True
2020-10-31,forward_return_1m,4083,90,733775762262.9514,0.025190939486052097,0.014031928458926634,0.004920884984448335,-0.009967348623520054,-0.018194324911173912,2.08829606395327e-17,0.10653393512805129,True
2020-11-30,forward_return_1m,4109,90,762401380096.1835,0.16369704734453425,0.04686364132173922,0.010946541460688278,0.011085280004535333,-0.014588567792535352,5.403859939767128e-17,0.136546627424207,True
2020-12-31,forward_return_1m,4167,90,750316119971.7834,-0.14025427349839079,0.0582827266951602,0.005501620765326813,-7.095894647134934e-05,-0.02131403069439292,9.378413838926208e-18,0.11970836089509382,True
2021-01-31,forward_return_1m,4203,90,778742274186.0746,0.08842478183113867,-0.010594552293845648,0.005488237631165774,-0.009979128924522579,-0.00873847516824164,-4.015082078111439e-18,0.09826834869172994,True
2021-02-28,forward_return_1m,4233,90,810552173554.3767,-0.01717133346056726,-0.013376094742049842,-0.004101152395045143,-0.008317630952152377,-0.014030749730647206,1.720544068400904e-17,0.11263449078071716,True
2021-03-31,forward_return_1m,4274,90,802560997020.4679,-0.08960233165197154,0.030743986126675376,-0.004353672066424051,0.006470163825644471,-0.027024659481105814,3.7561593205614796e-17,0.13704776150569636,True
2021-04-30,forward_return_1m,4327,90,740536919592.9995,0.04224646523066993,-0.018000653573138514,-0.003062081562298159,0.015730587584190797,0.011998577390881972,3.7152829666217395e-17,0.13243523203131063,True
2021-05-31,forward_return_1m,4366,90,815723263195.5891,0.07419772505134264,0.00740504763809039,-0.0059971377876391375,0.01745005942316545,-0.02908778069868243,-5.1874827536310565e-18,0.13774407798068447,True
2021-06-30,forward_return_1m,4423,90,813567734627.9243,0.046262288735178736,-0.015047817457525196,-0.009016246339644094,0.005299481981428883,0.015803479373220214,1.0843688596836256e-17,0.17299371575062145,True
2021-07-31,forward_return_1m,4471,90,870141077363.4479,-0.0059127030585936925,-0.0075506671666107075,0.0070359929803028975,-0.0050245604417440345,0.002851722788924119,2.940067235867111e-17,0.1629292251379958,True
2021-08-31,forward_return_1m,4519,90,861792498363.9915,0.037345383687982174,0.03234267284408378,-0.006456515025139674,-0.005168425135594745,-0.05631173644421965,2.9579741572221474e-17,0.14259895163168645,True
2021-09-30,forward_return_1m,4557,90,880361076763.0928,-0.019334910061454852,0.012367920321628987,0.0002961751154232167,-0.0006824306742749891,0.002189674641965527,1.3789471844148312e-17,0.11444838716799009,True
2021-10-31,forward_return_1m,4590,90,876491813754.9404,0.047497007697960315,-0.050574613519343184,0.003862481217349591,-0.008337784370334294,0.017680102433705883,4.102261982057223e-17,0.15556207714608294,True
2021-11-30,forward_return_1m,4635,90,850230722048.1384,0.07109657550096114,0.019857609040023462,0.0067246164185700815,-0.008189630519400611,-0.04067724379688096,5.3654791265595485e-17,0.1379825853989135,True
2021-12-31,forward_return_1m,4679,90,824261739508.1443,-0.10765746148682809,0.011563417124632469,0.00028141233117272437,-0.007455065067178713,-0.03610888640473593,1.936187194046009e-17,0.10245589478960503,True
2022-01-31,forward_return_1m,4711,90,816573840270.3011,0.056176611592752404,-0.015759919319161615,0.0051985169994424,-0.00021912652429624053,0.017786234858790547,1.1311973080451606e-18,0.10249767293061024,True
2022-02-28,forward_return_1m,4728,90,862422048308.9742,0.09025807060904928,-0.034093459620088154,-0.009014081914934514,-0.007242919543452292,0.017801156788362416,1.2774139708039025e-17,0.12358644963536496,True
2022-03-31,forward_return_1m,4764,90,889807319709.664,-0.13644225298456564,0.055827983878439714,-0.0015210767319883249,-0.008575222322242951,-0.03815404991355808,-6.711675715618075e-17,0.10895147300128401,True
2022-04-30,forward_return_1m,4799,90,888801934947.0704,0.24899297931217293,0.004533857968428028,0.013729615044339831,0.004602534762383914,-0.0056293311753195935,6.977354953676749e-17,0.13447352941995483,True
2022-05-31,forward_return_1m,4785,90,875246864917.4554,-0.0884112328817237,0.0006194668415251197,0.021429540522442034,-0.021523113463006695,0.01587180313222325,5.0859119539777285e-17,0.13004409622142404,True
2022-06-30,forward_return_1m,4809,90,873136013705.5043,-0.035967208194498786,-0.0179760388317822,0.011099840318405317,0.007576591953210903,-0.005161864961396157,3.102806706375983e-17,0.12739632480961846,True
2022-07-31,forward_return_1m,4843,90,884340673409.8328,0.02469446318631727,0.01731068539253424,-0.009796250993378929,-0.0042452344732604366,-0.02959542292541428,6.602193497667667e-18,0.10245912111977862,True
2022-08-31,forward_return_1m,4893,90,854383848571.9222,-0.11852799914839478,0.018577545550555668,-0.006847159259157832,0.0027118102997411796,-0.024641680695203446,1.7925121386754008e-17,0.08565273015418787,True
2022-09-30,forward_return_1m,4942,90,871461871415.5306,0.033842726509626435,-0.011218031500079955,0.010954455002692572,-0.005405801196497515,-0.002597159898130425,1.096294690443295e-17,0.11642443071792563,True
2022-10-31,forward_return_1m,4973,90,896455251852.7665,0.0715512785169784,-0.018741734947250017,-0.00996203479949583,-0.016829156000956257,0.014261608504073783,1.678841171361588e-17,0.1150770042457621,True
2022-11-30,forward_return_1m,5007,90,932829817066.3855,0.008845597263306422,0.0073855143309138485,-0.004492938934307353,-0.00762808161483345,-0.0009954649138115604,6.385944299821152e-18,0.09277283550345494,True
2022-12-31,forward_return_1m,5067,90,925659544559.6891,0.036303696069751215,-0.00905048877748543,0.012714125251896904,-0.01733859100046042,0.006994578960789099,2.024563005237112e-17,0.08276937453389949,True
2023-01-31,forward_return_1m,5076,90,929918958116.5786,0.04348162582983714,-0.009331834620849341,-0.0013418600843361805,-0.013302706960795704,0.0011668152940329246,3.307047307394083e-17,0.09591728920834018,True
2023-02-28,forward_return_1m,5096,90,898345145276.0336,-0.029432837903540704,0.010231897311166908,-0.002020528091655625,0.0013450960117104677,-0.004902028855136837,2.056614080153351e-17,0.10219511639590714,True
2023-03-31,forward_return_1m,5129,90,949113016174.527,0.02554627575339805,0.019334153044576093,-0.010792580767023524,0.007980199182010669,-0.013605347748077853,7.273053933984258e-18,0.12214988526618248,True
2023-04-30,forward_return_1m,5162,90,985930206172.4977,-0.02429439002402659,-0.023047396296555195,-0.0012595164630446146,-0.002981175955894928,0.00654429214617366,5.59197958935569e-18,0.11622644858072842,True
2023-05-31,forward_return_1m,5166,90,964779570365.5192,0.02266193308883554,-0.016812767930415223,0.006709519959302865,0.0006277300693126299,0.015373185146527224,2.2350599024586968e-17,0.09625258417485588,True
2023-06-30,forward_return_1m,5208,90,944457718253.8976,0.05938308715560148,0.007360726048316297,0.00018458009166423013,-0.01837923690978105,-0.01712853647566651,1.8077364149042487e-17,0.09036041034812156,True
2023-07-31,forward_return_1m,5233,90,923832570370.1302,-0.0716228260682581,-0.022760587111200308,0.00015353686833003902,-1.692681050645763e-05,0.008599981301739074,1.4511609953059566e-17,0.084318660555289,True
2023-08-31,forward_return_1m,5265,90,914525635023.5222,-0.02707576297148836,-0.0050696151564248,-0.0006197115354944367,-0.011577012841357702,-0.003052984965595344,2.4629449055312115e-17,0.08983055097754218,True
2023-09-30,forward_return_1m,5286,90,931577366006.187,-0.03295408588606141,-0.01001643445029375,-0.0020872201979081134,-0.0021537648260483407,0.004792931320577367,1.8482713993002983e-17,0.09836372001017998,True
2023-10-31,forward_return_1m,5297,90,969439063290.7316,0.04764740423821,-0.006143811954049383,0.003573859998576307,0.01677827664508404,-0.07869714192396285,7.042381277592083e-18,0.12478753554409044,True
2023-11-30,forward_return_1m,5314,90,937024434528.7574,-0.00526146160394069,0.012622235218098354,0.003160786713691842,0.05737526202736484,-0.04631349414935146,6.6855733511488535e-18,0.10812839710861938,True
2023-12-31,forward_return_1m,5332,90,872205004702.9899,-0.13562091736833953,0.04445657907504364,-0.006593663658335243,0.008303567380804865,-0.02810701512358891,-6.663003898725621e-19,0.09398104083232887,True
2024-01-31,forward_return_1m,5344,90,1059254695526.2712,0.05883216785762461,0.04138775328687927,0.025297717046949802,-0.004627813401245653,0.021694230264942337,-9.972063095435538e-18,0.09952717590923982,True
2024-02-29,forward_return_1m,5350,90,1203554891769.0903,-6.716375807525427e-05,-0.004536453972050447,-0.015676798554502647,0.026116495357493025,-0.0018894765044715845,1.7929583051890378e-17,0.12401800438926722,True
2024-03-31,forward_return_1m,5358,90,947198412132.7843,-0.05809564102608318,0.029013289863765574,0.0013368890578054206,-0.02446674638163451,-0.01659991010087723,-4.6414699051145025e-18,0.10584123881489042,True
2024-04-30,forward_return_1m,5359,90,1116278835393.081,-0.026357563449401347,-0.0006927626174279135,0.0008194540060726226,-0.0028688882034791563,-0.0027825393832522226,1.6905056691437352e-17,0.10729968879760923,True
2024-05-31,forward_return_1m,5343,90,989094798716.7599,-0.12234020191482903,-0.007934607970323295,-0.0016466232366979122,-0.014774453887868537,0.014702707490990483,8.644072211193433e-18,0.09042009416460647,True
2024-06-30,forward_return_1m,5336,90,1045339062866.6687,0.015514810867559656,-0.004874748934312303,0.006998794156957702,0.006816155064668613,-0.00823296006084639,8.988312343292121e-18,0.10775518811797898,True
2024-07-31,forward_return_1m,5337,90,994178551965.4872,0.013432190885820448,0.0043174853728828125,-0.003681869949447688,-0.00242259781010468,-0.018342564365612282,6.656761624134347e-18,0.09158346411314804,True
2024-08-31,forward_return_1m,5342,90,951572999727.8274,0.21895516903092702,-0.009618748317720046,0.015517895182496421,-0.0002582072038852063,0.008319319906473653,-1.9951593104458073e-18,0.12077873951851653,True
2024-09-30,forward_return_1m,5351,91,969758333836.4436,0.18271870657077607,-0.05089234211151477,0.023228889696178562,0.04060761796196126,-0.0004464186569748501,3.9836071898342375e-18,0.2279263651838109,True
2024-10-31,forward_return_1m,5362,91,960229658731.2146,0.08907714506824678,-0.012825560533534957,-0.011395288278257037,0.014601525315853918,-0.03576954410472294,3.909177677158328e-17,0.15793573328785432,True
2024-11-30,forward_return_1m,5372,91,939330174246.7728,-0.03808404190108151,0.013991019923627696,-0.017423848807199733,-0.03324822482198722,0.0009538081047854868,5.952051956292723e-18,0.11969276065265166,True
2024-12-31,forward_return_1m,5380,91,917254116873.1016,-0.01895088444578279,-0.0022100329232357815,-0.00321157812888029,0.0008922786346795369,-0.004926501374861356,-8.914801982120217e-18,0.0927918050407658,True
2025-01-31,forward_return_1m,5392,91,910904311568.0599,0.028047787042264967,-0.024290407525687552,0.02663263573311561,0.01112194237700944,0.009082488058694424,4.809868296595634e-17,0.14155893757032728,True
2025-02-28,forward_return_1m,5390,91,979937495188.7675,-0.03912054221159197,0.004746794812639798,-0.01134968231893313,-0.009892791599460996,-0.021718349482399365,3.2956527632657707e-19,0.10576236587362109,True
2025-03-31,forward_return_1m,5402,91,882940355113.4546,0.12466913799435284,0.0028205679191903497,0.0014644222156754217,0.011231053773348806,-0.02205278714001958,3.222565165887163e-17,0.10863903486078315,True
2025-04-30,forward_return_1m,5407,91,994049882064.8423,0.03645974177356704,-0.020585127009214006,0.002918282218808737,0.007167651402979054,-0.006376210332930896,3.7452317309345026e-17,0.11763815985465081,True
2025-05-31,forward_return_1m,5400,91,874158333820.1635,0.030922317587632624,-0.0203455293863039,0.002027756448660592,-0.0051575920473983855,0.0039061534006194693,4.5231308410654523e-17,0.11311353531192694,True
2025-06-30,forward_return_1m,5414,91,896893707911.6716,0.002538617857726433,0.005329728870391509,-0.006009308337649528,-0.0035998926511124933,-0.012756965540632126,3.018559830528686e-17,0.13827844674983003,True
2025-07-31,forward_return_1m,5418,91,953010553724.0016,0.043583126878793364,0.0135082761220913,-0.001993654213268584,-0.0025971309212702953,0.015005341864915893,4.6556417717762196e-17,0.14034388974332407,True
2025-08-31,forward_return_1m,5424,91,983793226344.6028,-0.04209228577347814,0.025222135156142352,-0.004831306354807295,-0.0005204845402295709,-0.014318543879757943,1.211747843986159e-17,0.13658289111483493,True
2025-09-30,forward_return_1m,5435,91,1048093141875.0548,0.05161677059672238,-0.006068477403366031,0.003489681016122351,-0.006176421965645203,-0.013143462157717431,2.549325362892724e-17,0.1003300850104727,True
2025-10-31,forward_return_1m,5442,91,1064301160371.6805,0.03977685014817599,-0.008043284539660944,-0.005604009236898668,-0.0015163404955226409,-0.002042734429757431,2.6113294221245874e-18,0.11326231494694515,True
2025-11-30,forward_return_1m,5452,91,999476634427.9757,0.01770127562322557,0.008582596009187766,-0.000997364538822485,-0.008049848835309643,0.013019534394431535,1.995631995841257e-17,0.1401006381025347,True
2025-12-31,forward_return_1m,0,0,,,,,,,,,False
2014-01-31,forward_return_3m,2444,84,995682721984.7006,0.084096241316799,-0.000537067780228363,0.0,0.007515297519185132,-0.07419765347035409,-1.0902353760639835e-18,0.18621660918548094,True
2014-02-28,forward_return_3m,2429,84,989542973049.6891,0.019656178570300352,-0.0064571724707215995,0.0,-0.003933947913270852,-0.05835419890670703,2.1939359893786544e-18,0.19199395740307104,True
2014-03-31,forward_return_3m,2428,84,989224957993.7699,0.013285876865897177,-0.05695961413884598,0.0,0.004390863410486381,-0.008006260165046441,1.3169037524384064e-17,0.1968320145439944,True
2014-04-30,forward_return_3m,2404,84,979432312692.258,0.10895683605487273,-0.043789776330073915,0.0,0.003465525028892764,-0.013673770705517351,-3.509856483839929e-17,0.21077127690283304,True
2014-05-31,forward_return_3m,2374,83,967095139435.0021,0.14003688523729566,-0.04204523267743341,0.0,-0.008808640268734132,-0.014287164472838529,-1.400171750517152e-16,0.18031603250521855,True
2014-06-30,forward_return_3m,2388,84,972909784888.3284,0.44923425933817573,-0.046363607310028844,0.0,-0.020713594232797134,-0.04604331537412829,2.666766863169974e-16,0.21398571834356778,True
2014-07-31,forward_return_3m,2398,83,976921623719.9954,0.24988373129404773,-0.05591978057636813,0.0,-0.01794517517660322,-0.03148401652534673,-6.213174724966472e-17,0.23895325033230927,True
2014-08-31,forward_return_3m,2405,83,389421829948.36304,0.2763311874162508,-0.03652076838549019,0.002727874284662551,0.004313769689133733,-0.028021099696647043,8.124709036757903e-18,0.2700143809897663,True
2014-09-30,forward_return_3m,2433,83,394819549553.4235,-0.08649527539010886,0.07034734327746295,0.0028702488626503276,-0.016718313884623998,-0.02047402665714408,-6.424965140453023e-17,0.30966619401023615,True
2014-10-31,forward_return_3m,2401,82,402399994221.83,0.0935780700724401,0.07783199874164184,0.001872225555319378,0.009159992701313792,-0.03200983700449049,-1.0727686035528376e-17,0.2952247289108353,True
2014-11-30,forward_return_3m,2410,84,419830529837.76215,0.0013855358631108257,0.05615229128700205,0.011860853831818242,-0.017582280583562645,-0.01935213258093268,5.1595426870546696e-18,0.3246984765276747,True
2014-12-31,forward_return_3m,2455,84,520510642397.1792,0.33590179342698945,-0.006030918013298295,0.037564568725611,0.033771672662465675,-0.09345342299791398,2.749554374631752e-16,0.4197397576505304,True
2015-01-31,forward_return_3m,2459,83,504323907818.7006,0.4759567072633034,0.010943185920413396,0.02775666618069278,0.05405360566716198,-0.09536641817663676,-7.892109992048693e-17,0.3643376364751856,True
2015-02-28,forward_return_3m,2444,82,471719493166.61816,0.8011841248976882,-0.10133654143926077,0.029854551190520745,0.07067121812475864,-0.06999437202721698,2.907294336170623e-16,0.4773162705236168,True
2015-03-31,forward_return_3m,2488,82,488159785179.2647,0.28015980509126076,0.032390461453141776,-0.006159780625395781,0.04038367062592787,-0.16108734607422928,-3.641245932854211e-17,0.37129343794214714,True
2015-04-30,forward_return_3m,2520,83,532170024815.6761,-0.10576670908201152,0.01144333770092233,-0.025645982382843043,0.019019829976747525,-0.08539441213616678,-6.3441315692866086e-18,0.23001205596155372,True
2015-05-31,forward_return_3m,2529,83,493025087287.4814,-0.3323711925677293,0.04969541824962878,-0.054756072167268424,-0.005220482550153677,-0.13243852071312337,-1.236215119550985e-16,0.20666181341526688,True
2015-06-30,forward_return_3m,2542,83,512794361873.319,-0.34340172058458474,0.064113923941795,0.003494010523162901,0.00337284611766349,-0.12259740035386485,-3.21449310040958e-17,0.202987046129636,True
2015-07-31,forward_return_3m,2471,83,499539661212.03406,-0.025954606004769183,-0.07177314065739909,0.012125725404740852,-0.023606933892832516,-0.01637504579861091,1.1502108227601784e-17,0.22761314291432078,True
2015-08-31,forward_return_3m,2422,83,458118455749.9379,0.24048134585619196,-0.10660058006014182,0.047340075178717245,0.03181211107914038,-0.03739617883375353,1.0561328855228574e-16,0.2803897176343065,True
2015-09-30,forward_return_3m,2426,83,463487867658.4656,0.36872851471723395,-0.1344712295402404,0.026163126542756883,0.014362541570228834,-0.025128703623744773,1.0397472019572777e-16,0.2724257275778151,True
2015-10-31,forward_return_3m,2471,83,421248500911.93616,-0.1759535056120958,-0.030442003293197874,0.0029978405497565223,-0.01697978926051521,-0.041562894485663464,-9.345462934926449e-18,0.16461301410528462,True
2015-11-30,forward_return_3m,2547,83,454004700155.8145,-0.28663370892831597,0.00580920426684596,-0.0075549427159523445,-0.02189274806027907,-0.03668965909169622,2.5804948197019735e-17,0.14131133607645113,True
2015-12-31,forward_return_3m,2637,83,457913174669.63666,-0.18161989170685827,0.0318855797321974,-4.272705736954998e-05,0.01916641366265631,-0.10206384102682252,3.907041967584927e-17,0.18444394035051903,True
2016-01-31,forward_return_3m,2645,83,467420192028.04114,0.1798811721719374,-0.045240895379714034,-0.0031897108368892585,-0.002793917795962862,-0.019283505575775732,-4.701133412401419e-18,0.16834254910546614,True
2016-02-29,forward_return_3m,2632,83,437939802292.10944,0.19213923916516346,-0.049878108911735504,-0.0018126405755486922,-0.006134662889678129,-0.017176662790701503,5.196788625904988e-17,0.19513444215637088,True
2016-03-31,forward_return_3m,2658,83,452105134898.92267,0.021880675181553084,0.003952738672078694,-0.001953366202160412,0.022518431553568558,-0.08560682648708427,3.1076220102374585e-17,0.19523528314011696,True
2016-04-30,forward_return_3m,2640,83,454445749551.3972,-0.007002125075353986,0.03175679631969075,0.0006219915537277405,0.01050367808399076,-0.06697180107240064,-2.0522304394586227e-17,0.1539838775055896,True
2016-05-31,forward_return_3m,2638,83,421022722671.569,0.042671648204687655,0.017406892892270667,0.005808046294456344,0.02351116628541088,-0.07381974424517264,6.060353129113819e-18,0.1594474198538522,True
2016-06-30,forward_return_3m,2662,83,435402354877.1033,0.008790889140555402,0.02444476852098111,0.0006985022414759368,0.014252795028140187,-0.1134723529168359,2.469015892479687e-17,0.15456248593676275,True
2016-07-31,forward_return_3m,2706,83,419029489627.4731,0.06724006708167685,0.002868549270076869,0.004846635715200176,0.04173250378087844,-0.09012825511425765,-2.2319339445531604e-17,0.16251783584754262,True
2016-08-31,forward_return_3m,2748,83,436080021193.8423,0.03671562050881908,0.012094800616239633,-0.009183563757265962,0.038717292205580844,-0.09051072857852396,2.0523773526549473e-17,0.16141278885583143,True
2016-09-30,forward_return_3m,2787,83,399424985040.1817,0.05438402006623856,0.0069434322534298746,-0.010609039841191723,0.016798453907900513,-0.058668083305391944,4.461606701041175e-18,0.15378606991438545,True
2016-10-31,forward_return_3m,2802,83,414352455224.7769,-0.007142937918354011,0.044455252710674034,-0.006645350487930986,0.028932144299722226,-0.07703309423583937,1.4264107382764324e-17,0.14083186887372312,True
2016-11-30,forward_return_3m,2858,83,434210992022.0242,-0.041861722843466974,0.03805726024081297,0.0030975197322289875,0.024592976886235574,-0.07954113427488947,-7.769230403255119e-18,0.1413776844023137,True
2016-12-31,forward_return_3m,2905,84,450669770292.15753,-0.08312959836161331,0.05389127936569244,-0.0005397487338750076,0.014333172209277375,-0.0697014825857179,1.2841133778796992e-17,0.1611144564455265,True
2017-01-31,forward_return_3m,2947,84,497200365722.9911,-0.12756238180294643,0.074314730175533,-0.004619122967014631,0.03683537283007058,-0.09160438180980814,6.268785588653751e-17,0.17960994468531172,True
2017-02-28,forward_return_3m,2962,85,460464677097.71185,-0.21805247245391288,0.08273615096518092,-0.006285624954799175,0.009699623077310215,-0.05165295097502378,1.5892456530758487e-16,0.15911214033620957,True
2017-03-31,forward_return_3m,3015,86,471405876253.19836,-0.1568549442605909,0.08044456607810536,-0.00329114906138304,0.0011329347484752687,-0.04730872859261133,2.7101961728826376e-17,0.15204836534349886,True
2017-04-30,forward_return_3m,3043,86,523527505769.42505,-0.008182076121987021,0.06652587355453347,-0.002661223611262812,-0.0046335473733437,-0.03325516591625407,-5.253766531252795e-18,0.1582463238835918,True
2017-05-31,forward_return_3m,3053,87,517430854976.24493,0.09485670819407277,0.03570267532436346,0.004679829244227475,-0.00011879210707146527,-0.027919349771687346,2.2982671194336683e-17,0.17041360885721796,True
2017-06-30,forward_return_3m,3084,87,547993014713.7706,0.09219418776794418,0.03238461012906316,0.0018822989804850477,0.007257269433574811,-0.031220606836290205,-4.63672910414138e-17,0.16366741184447128,True
2017-07-31,forward_return_3m,3121,87,546155778186.70435,0.02794980705566237,0.056456924961346806,0.0015957461657911585,0.042224969048342074,-0.06791055564306861,1.1667835696156724e-17,0.1635339252656253,True
2017-08-31,forward_return_3m,3155,87,535257806094.3195,-0.10922578677991186,0.06709723604274329,0.00597416524458341,-0.0023085950914016108,-0.03980860299392832,3.3640989272318534e-17,0.14020189864938806,True
2017-09-30,forward_return_3m,3236,87,530525839948.7593,-0.1305382133142809,0.08714355906115395,0.005135155235304595,0.02367008795152293,-0.06343842482800272,3.375956292432491e-17,0.1555827091194594,True
2017-10-31,forward_return_3m,3258,87,537527080411.2339,-0.13697153673688522,0.08353169300564911,0.002076646838939536,0.01538049442723315,-0.044025930699625467,3.884758281377159e-17,0.14329350787568215,True
2017-11-30,forward_return_3m,3314,87,539943206373.1281,-0.04305644357195883,0.0453402604705647,-0.0039044797629783625,-6.27961832899143e-05,-0.004611384013444346,2.921286896418638e-17,0.14327580392438558,True
2017-12-31,forward_return_3m,3324,87,542468738452.7016,-0.005516552924862087,0.015573730482717447,-0.003128637616496474,0.00552173068369808,-0.02258366585825568,0.0,0.1715780031206447,True
2018-01-31,forward_return_3m,3339,89,580896302367.4364,-0.06077943055172394,-0.016451683885041597,0.00618518475447084,0.0075537052514793495,-0.004501877422196364,5.320026473196318e-19,0.15659649582357377,True
2018-02-28,forward_return_3m,3325,89,571689860309.4578,-0.015502713145938455,-0.017331451593231708,0.004923547584763106,0.009065481076493615,-0.028903934627703663,-6.410911901594889e-18,0.17768038816616302,True
2018-03-31,forward_return_3m,3310,89,533143539878.3022,-0.2082113289150281,0.03262478434850547,0.0015507259572329966,0.012996675367114675,-0.04171724238155103,-1.1055272172702465e-16,0.1598720756936538,True
2018-04-30,forward_return_3m,3313,89,523292673411.3507,-0.1363183049216741,0.026852614023761677,0.003912249288140312,0.013126343241979995,-0.026495683963630993,-2.4664175856447787e-17,0.14259289009062287,True
2018-05-31,forward_return_3m,3367,88,552228041464.759,-0.21484832309528717,0.03295129573192688,-0.006824370631607785,0.009965103151172194,-0.036055806580696854,-4.009596667490913e-17,0.13292899825906387,True
2018-06-30,forward_return_3m,3382,89,557194842620.6262,-0.05228132388614106,0.0439470673127432,-0.009810445807141422,0.004348707447961943,-0.057835592237281026,2.652454772019889e-17,0.13103325053433842,True
2018-07-31,forward_return_3m,3400,89,554517932256.0908,-0.18226305031296486,0.010783006832900873,-0.01150472149059232,-0.003414464303672249,-0.028714212180708635,-8.803415512910065e-17,0.1187425839770091,True
2018-08-31,forward_return_3m,3449,89,582897398538.4216,-0.07850766717697226,0.0011156683632705814,0.0006475585990424356,0.007925525366035458,-0.032117580593141404,2.060141304030444e-18,0.12966741840802407,True
2018-09-30,forward_return_3m,3486,89,597103518225.1606,-0.12012715071362957,-0.003780348107795957,0.003702549247458613,0.0026665722158147583,-0.04030605346366932,1.3758357620139634e-17,0.13384091332416448,True
2018-10-31,forward_return_3m,3508,89,582105672413.9453,-0.06497541038939972,0.040210106725075856,0.0058690028756099915,-0.005266169712665367,-0.043089804414212465,2.6584587818846395e-18,0.142338917933358,True
2018-11-30,forward_return_3m,3539,89,559587440509.2686,0.07874863315017253,0.02368772632868825,0.0029058053294886365,0.007186293923309954,-0.021421343869197487,8.231775124657844e-17,0.16603114733676685,True
2018-12-31,forward_return_3m,3555,90,558946327565.4357,0.27674388442565595,0.02295633335175652,0.012623151573021515,0.006409173666315002,-0.023177940856994605,-8.494533409227639e-17,0.23227869512898236,True
2019-01-31,forward_return_3m,3574,90,572214058919.9266,0.25186930361009663,-0.009983045578685667,0.008508711368224701,0.02867867122108454,-0.012327103033465438,-1.3717808832525716e-16,0.2399186525809804,True
2019-02-28,forward_return_3m,3580,90,682605672101.1892,0.2591022825435962,0.010361776599543895,-0.0071240113940432255,0.0069983235614404305,-0.04850474849078341,-3.783441592298019e-17,0.2149963681479216,True
2019-03-31,forward_return_3m,3589,90,642639708151.3177,0.14143891778152795,0.017855292274464377,-0.0077401354171835945,-0.013775825436321481,-0.03985337914729696,2.6232073694124624e-17,0.16002486957852965,True
2019-04-30,forward_return_3m,3593,90,624994734913.418,0.09555324445242647,0.008461964653006146,-0.017366422461896937,-0.011280425956314523,-0.028513312722615737,-2.1753326171336215e-17,0.13816432034047596,True
2019-05-31,forward_return_3m,3603,90,605286209714.199,-0.07013893135472717,0.020668990016981092,-0.011181067598277023,-0.007580998406900981,-0.01954094734155194,9.860432081044966e-18,0.16722595400039553,True
2019-06-30,forward_return_3m,3614,90,579838468904.1011,-0.11824490585450688,0.010303735858244673,-0.0049984830419967955,-0.010461532461273805,-0.016182207606984095,-3.932167879137245e-18,0.17162204118049987,True
2019-07-31,forward_return_3m,3651,90,573387698746.1831,-0.08675835131123805,0.017519057759904286,-0.0002927279200241605,0.012008862297839644,-0.016233858251033625,-1.1190415586471039e-17,0.15977883749447222,True
2019-08-31,forward_return_3m,3664,90,622483729419.8533,-0.08218808949234781,0.017792683078198913,0.005798590354125282,-0.01543682148495504,-0.022487934071835625,6.060169348390593e-18,0.16644630404245225,True
2019-09-30,forward_return_3m,3674,90,627143266195.574,0.049296633854870986,0.02703229896602618,0.007892889660724777,0.004569753488349281,-0.02807798753128686,9.669879365270825e-18,0.17750242205339276,True
2019-10-31,forward_return_3m,3688,90,624073935957.0197,0.08617805223097111,0.007144587909973746,0.003725531592385625,-0.003431386021203596,0.006516295306304254,-1.9748001739536408e-17,0.20720158251834891,True
2019-11-30,forward_return_3m,3717,90,623095851669.7684,0.10046552314279573,-0.00756368352494497,0.0015021228085193743,-0.0091044396647752,0.027331802866952474,-2.007182869378814e-17,0.2541427660236422,True
2019-12-31,forward_return_3m,3746,90,638765388977.4047,0.22545622074523589,0.002055830947455264,-0.012084681803428088,-0.009578668590247742,-0.012010254680852763,4.9079800554705264e-17,0.19171598323246536,True
2020-01-31,forward_return_3m,3762,90,658885160014.0962,0.17362555407865793,0.018679128280263625,-0.009497154232059058,0.0004900790136891139,-0.012610898837625251,-2.0303919216961928e-17,0.20818638236615014,True
2020-02-29,forward_return_3m,3782,90,667747832768.3622,0.30004483199869514,0.025793756482347895,-0.015215749184620677,-0.013083165838699295,-0.04784594568038532,-6.951369969096696e-17,0.21630016125256316,True
2020-03-31,forward_return_3m,3794,90,684921326815.1155,0.06070363609043528,0.017634930449535655,0.017583708839701687,-0.008126243537087905,0.01746332418632408,2.902849869341474e-17,0.2670469407891309,True
2020-04-30,forward_return_3m,3812,90,649451064506.8875,0.310502699867145,0.03354032908073254,0.010240387719376286,0.016172986045738007,-0.02947379793158921,-7.455852421407138e-18,0.3597081950623196,True
2020-05-31,forward_return_3m,3825,90,662084917953.5515,0.31212183109507424,-0.008134216177459817,0.012053679146729132,-0.028475382283746232,0.020086818479626862,-1.8111873656630004e-16,0.2670657553696533,True
2020-06-30,forward_return_3m,3847,90,724799892435.4097,0.1898276521722345,0.02182564557177238,0.010654974203887176,-0.004156982862993775,-0.05294583970185928,3.04755787367862e-17,0.23278759724117484,True
2020-07-31,forward_return_3m,3929,90,774756449657.2607,-0.028712430342169935,0.018522387530958598,0.0030981801608767757,-0.0133551654927691,-0.05871623681036269,-2.441416882861123e-17,0.2123075337726531,True
2020-08-31,forward_return_3m,3988,90,751969998659.1721,-0.1055442949509477,0.017330509204854967,0.012463705731138775,-0.005883800737640875,-0.025733058841409126,-3.563403890471917e-18,0.17577301933711598,True
2020-09-30,forward_return_3m,4056,90,696329392909.2819,0.1611773900685269,0.08397097157716465,0.017406246193645652,0.030752233705043285,-0.06394309897847415,7.007324810257399e-18,0.237135238817203,True
2020-10-31,forward_return_3m,4082,90,734486365700.3007,0.016929195518393888,0.11125075586923483,0.017737529783961054,0.0021955281758614022,-0.046020689463816315,-1.740673042038462e-18,0.22625692448046675,True
2020-11-30,forward_return_3m,4106,90,761682693707.4009,0.058760721079315466,0.0869249215468771,0.013508043447850511,0.010352495604088682,-0.03358549738148137,-1.4709238319437047e-17,0.17480451665934493,True
2020-12-31,forward_return_3m,4163,90,749853729704.322,-0.07275066234115139,0.04670932287520321,0.010329716765218079,0.004603454207018356,-0.06336142852956388,-3.08291572535835e-17,0.17073925256864847,True
2021-01-31,forward_return_3m,4199,90,778884522405.2992,-0.03193952485921246,0.010318780776666687,0.0034190010415085315,4.778323616153569e-06,-0.053678426613373555,8.460856582044537e-18,0.20003984704075936,True
2021-02-28,forward_return_3m,4231,90,812329909205.7085,-0.09418862935071044,-0.02185912211337116,-0.009867219984487665,0.002065499190458054,-0.008541773966964815,4.828197507233013e-18,0.25410927553121004,True
2021-03-31,forward_return_3m,4270,90,802532920601.7653,0.013683662910253188,-0.008367342843167865,-0.02099672145140331,0.01662128627017397,-0.011375696143155884,3.536073333700733e-17,0.2841121585439956,True
2021-04-30,forward_return_3m,4325,90,740935767340.6445,0.13357441488875946,-0.04340029943551425,-0.024744344141582535,0.013277175175694057,0.021668996848393532,-5.544697648995001e-17,0.3213750411630259,True
2021-05-31,forward_return_3m,4366,90,815723263195.5891,0.08928099950191293,-0.0200313025549807,-0.016210363462781166,0.019479816025462195,-0.0071701827172354436,4.536504525724414e-17,0.3310557295648707,True
2021-06-30,forward_return_3m,4418,90,814244994266.5103,0.05737844329248796,0.01181954798803404,-0.005083305075574316,0.0023426007513327675,-0.03227405487114895,-3.759379005973821e-17,0.2629896740895202,True
2021-07-31,forward_return_3m,4468,90,872797491244.4698,0.00770974771915912,0.028879267816838434,0.004194325036564402,-0.003317526420833046,-0.033955586317942744,-1.590292604655551e-18,0.24018567872511215,True
2021-08-31,forward_return_3m,4516,90,861386402043.1084,0.06245215647958944,-0.004842793964586959,-0.008197120209646908,0.0061870003760504345,-0.03363136903245556,1.4553853644333317e-17,0.23589210121498416,True
2021-09-30,forward_return_3m,4554,90,879915152904.6857,0.09225376448029897,-0.017009059961801482,0.005785453770013695,-0.018760486272341004,-0.017591125659005235,-2.379397610966519e-17,0.24058529189712008,True
2021-10-31,forward_return_3m,4587,90,876173517702.3774,0.0397252479332001,-0.010531297179505385,0.006838682969033123,-0.020425931456201994,-0.05894205260561288,1.1617768733814587e-17,0.24159335330126408,True
2021-11-30,forward_return_3m,4634,90,850075058347.926,0.009993763377183067,0.0156276942841297,0.01625851022741167,-0.024516103393281058,-0.05342385882328017,0.0,0.1828856146109106,True
2021-12-31,forward_return_3m,4679,90,824261739508.1443,0.0357897589077929,-0.02152985905614318,0.01132712718651588,-0.013657178342793399,-0.023938605334300145,1.3667203722677713e-17,0.20479292834270807,True
2022-01-31,forward_return_3m,4710,90,816393812949.6501,-0.022030442875738743,0.008885161197719598,-0.010567150135687198,-0.0033160297816635254,-0.006833868028017558,3.922316588060001e-17,0.18114270680135203,True
2022-02-28,forward_return_3m,4726,90,862066478442.0991,0.17064060276688855,0.014128256440849503,-0.0077649887248042275,-0.012928329840384422,-0.013704832919047642,1.2027807630302162e-17,0.17981554342574835,True
2022-03-31,forward_return_3m,4742,90,885279203802.5818,-0.016897377517944172,0.061076169490703006,0.024262228217999417,-0.009820052565162208,-0.0325966854057743,5.24441074474979e-18,0.19168101929898926,True
2022-04-30,forward_return_3m,4760,90,879870500170.7031,0.10979390252748444,0.011274828016331713,0.05919741919173536,0.025838276084453084,-0.03585817866388516,1.209116840264036e-16,0.2693166544942671,True
2022-05-31,forward_return_3m,4771,90,873795725588.2566,-0.08336172509682191,-0.00852432533516022,0.02262553147672139,-0.018112207903998364,-0.009238400518817443,5.212533169483024e-17,0.19909635536087766,True
2022-06-30,forward_return_3m,4804,90,874323157399.143,-0.11642258274526128,0.015384158038198516,-0.010614806168136775,0.005855653107169019,-0.04938656855642082,-6.286025451666165e-17,0.16326552844752026,True
2022-07-31,forward_return_3m,4843,90,884340673409.8328,-0.07210990200944102,0.017362972646377282,-0.010802970513937398,-0.0009824222551662498,-0.042677040416088975,-4.401462331778444e-18,0.16018576120743488,True
2022-08-31,forward_return_3m,4893,90,854383848571.9222,-0.030764990227264408,-0.012184747455804562,-0.005214388731349289,-0.00874398152296178,-0.009714409573084962,-1.1617293860782346e-17,0.1602062801630575,True
2022-09-30,forward_return_3m,4942,90,871461871415.5306,0.12636377707467772,-0.014943595104917091,-0.00038291069908921493,-0.009814616423416292,0.0003197305939578655,-1.7972044105627788e-17,0.17416450642156692,True
2022-10-31,forward_return_3m,4973,90,896455251852.7665,0.13075877203974598,-0.006439053307171136,-0.0042366751292798295,-0.010512256565878989,0.00846301270623781,-1.0001606978324354e-17,0.15263882254358008,True
2022-11-30,forward_return_3m,5007,90,932829817066.3855,0.07718903188865744,-0.01118025118814769,0.002351556548843769,-0.02566158806807708,0.010627094171362277,-5.1619716423554314e-17,0.14738538841724094,True
2022-12-31,forward_return_3m,5062,90,925156471891.9531,0.06841963673819383,-0.013770409536791392,0.008215513997738361,-0.0434638757850919,0.008466550899814145,-2.7371756908972646e-17,0.1874469947734715,True
2023-01-31,forward_return_3m,5071,90,929705272126.7854,0.0743424857501153,0.024236581287333827,-0.01286187782394378,-0.023965703316904185,-0.02213381027526124,2.0142086031456202e-17,0.23294993137751427,True
2023-02-28,forward_return_3m,5092,90,898781242768.1191,-0.009770274180256194,0.007146118025513804,-0.008170932967860712,0.00864949251310385,-0.018248983687740004,1.5349509217127065e-17,0.22924245202095958,True
2023-03-31,forward_return_3m,5116,90,950568759683.2355,0.01876421947791368,-0.01850583228651203,-0.004524606820716243,0.010897140683351134,0.0003866565585387297,-4.166591491947421e-18,0.1944956293004931,True
2023-04-30,forward_return_3m,5126,90,983584858669.0695,0.05812474988405283,-0.028045095364020254,0.004673942469105257,-0.017133897474026483,-0.003014304710089242,-6.237694715022339e-18,0.1329320698251556,True
2023-05-31,forward_return_3m,5154,90,962109221615.4939,0.001421745133882506,-0.03198509435915138,0.0036801364435937963,-0.026813409566751475,0.00813177221232068,-4.8251834985649025e-18,0.14249639803891806,True
2023-06-30,forward_return_3m,5194,90,943089137391.5522,-0.03656652846374434,-0.013390766444584734,0.0018077260043237765,-0.01825298884408312,-0.01784339506411224,2.052010211090008e-18,0.1429824806205191,True
2023-07-31,forward_return_3m,5232,90,923647249973.5686,-0.1221023491996238,-0.033934541371838836,0.0009605106320340265,-0.009994452742528998,0.008649518264461382,6.79035489067374e-19,0.15168958649168282,True
2023-08-31,forward_return_3m,5265,90,914525635023.5222,0.004971057246237212,-0.014995892324576408,0.0025482277385233303,0.003925356801696954,-0.07780394310416665,1.619470622815043e-17,0.17445816717535712,True
2023-09-30,forward_return_3m,5286,90,931577366006.187,0.021611034048389932,0.005966163744274869,0.0023977014255212635,0.06089000786273702,-0.1638653645249678,2.016296071963962e-17,0.2137691610125912,True
2023-10-31,forward_return_3m,5294,90,969039819997.5759,-0.10868987595922643,0.05518016208412078,0.0032498626325791705,0.023199765200631637,-0.16850347797096205,5.838422554885598e-17,0.19635914814802452,True
2023-11-30,forward_return_3m,5309,90,936554315226.5763,-0.10921160786703703,0.09762033946893897,-0.004136400923756299,0.07214059299482212,-0.06398053240816694,5.554251937096281e-17,0.16377592239147995,True
2023-12-31,forward_return_3m,5330,90,871716755073.3417,-0.11734208158504694,0.04792443719024571,-0.007522645273093176,-0.017109094566131723,0.008132497020888661,-3.332752043902909e-18,0.14731309484502908,True
2024-01-31,forward_return_3m,5342,90,1058985631858.4545,-0.01974701900694179,0.030422559517357887,0.00824015566718756,-0.03583002442922039,0.023745969018126842,2.6602124139277433e-18,0.18563689285118942,True
2024-02-29,forward_return_3m,5344,90,1203208403479.1328,-0.07833358294366251,0.027113068459296015,-0.021378606390770914,0.011625121982514492,-0.03446706361261779,5.318433650898954e-18,0.19687820943915682,True
2024-03-31,forward_return_3m,5341,90,947934728860.2721,-0.19262964811890626,0.024664213463037318,-0.0005625347625227413,-0.030167703930425026,-0.01778912518419609,5.0137763253995086e-17,0.17348746791488986,True
2024-04-30,forward_return_3m,5327,90,1113972307278.1584,-0.130839167555373,-0.007848053763200502,-0.004095100268589227,-0.00019781227871518422,-0.0020533761899876406,6.002332102347383e-18,0.14431367459173525,True
2024-05-31,forward_return_3m,5321,90,987002539730.4229,-0.0951065110806786,-0.007576117437136355,-0.0036309795117970057,-0.00708308313384131,-0.009155926683405428,-4.139602482346008e-17,0.13811277274934186,True
2024-06-30,forward_return_3m,5325,90,1043665932574.6277,0.2597460145501168,0.0068183955155767485,0.016915318702033416,0.02401218604020192,-0.03781801982619941,-1.6012230665016343e-17,0.19621077186629715,True
2024-07-31,forward_return_3m,5333,90,994677654562.4625,0.4938834955819547,-0.012101299599538623,0.04164021093148457,0.08176997690259202,-0.06750282002395933,2.5980842578889844e-16,0.3659218852469478,True
2024-08-31,forward_return_3m,5342,90,951572999727.8274,0.5715516943617082,-0.07565332739100318,0.06703887458934302,0.0420175036720606,-0.06501863038981563,2.527201793231356e-16,0.3797884639875783,True
2024-09-30,forward_return_3m,5351,91,969758333836.4436,0.21775372545568494,-0.02799645745293356,0.006007203133729874,0.012776084848065201,-0.027142520938975255,-4.581148268309373e-17,0.2298301753914801,True
2024-10-31,forward_return_3m,5362,91,960229658731.2146,0.017325941041847606,0.007701437095774895,-0.019130012281174388,-0.031586983129809565,-0.03912966400509995,1.9877174629618617e-18,0.19833353579719956,True
2024-11-30,forward_return_3m,5369,91,939610494532.7286,-0.03162751638183103,0.004907173566602831,-0.0018176438024179564,-0.01352867775823069,-0.008003112812705954,-4.3011061486688875e-18,0.21809362143073838,True
2024-12-31,forward_return_3m,5373,91,915380366074.7698,-0.026879973619001834,-0.010529662111127002,0.01557180126965212,0.01251658316297197,-0.028810732285058118,1.3224320412434398e-18,0.19188172507503748,True
2025-01-31,forward_return_3m,5386,91,909637415974.9933,0.11810947691910474,-0.015387996282312537,0.012246752284963337,0.017979982977431228,-0.03871414593966013,-1.3192401332344971e-18,0.20528431446090079,True
2025-02-28,forward_return_3m,5384,91,979131310372.891,0.12259784684015855,-0.014941171726420932,0.002374437140512166,-0.011669832124942374,-0.057845371940319704,-6.829603747322657e-17,0.20583987775502816,True
2025-03-31,forward_return_3m,5394,91,881506253776.462,0.19694969031731532,-0.03790582091204619,0.012639962492096628,0.011962953184980536,-0.03476776315477002,2.0417894705750005e-17,0.21667971339423986,True
2025-04-30,forward_return_3m,5396,91,992446621059.8922,0.07881095540372789,-0.02297984738581962,-0.010753228984890752,0.02110683540071431,-0.02553054303085081,1.3167952849520018e-17,0.22892770653334593,True
2025-05-31,forward_return_3m,5399,91,874059525765.5509,0.06527587923973105,-0.012798735144426187,-0.010328065205216275,-0.017486799883472758,0.027332895522321425,-7.896381579108355e-17,0.28416846313771427,True
2025-06-30,forward_return_3m,5406,91,894890466204.948,-0.006597654963702057,0.04476855483917701,-0.01697030672801102,-0.006493402904861545,-0.008640493346844837,-3.680206548516982e-17,0.28409902570916107,True
2025-07-31,forward_return_3m,5414,91,953689383808.3544,0.054466994137302334,0.024118478438694153,-0.00599305004222769,-0.004992694087978472,-0.003524242076583597,-2.4935929034802185e-17,0.2384701418529494,True
2025-08-31,forward_return_3m,5422,91,984444099293.2703,0.048798916239753014,0.008031739233117863,-0.005376748656402968,-0.011558067922724813,-0.03220326174566629,1.3104808848397274e-18,0.22518288712727047,True
2025-09-30,forward_return_3m,5432,91,1049612893110.2285,0.12385154960469387,0.002310300376159473,-0.007151234815899373,-0.005826740008233061,-0.017686163009282833,6.540341824006813e-18,0.23454779376170137,True
2025-10-31,forward_return_3m,0,0,,,,,,,,,False
2025-11-30,forward_return_3m,0,0,,,,,,,,,False
2025-12-31,forward_return_3m,0,0,,,,,,,,,False
