signal_month,month,gross_return,turnover,holdings,smoothing_weight,exit_fraction,net_return,exposure,scaled_turnover,scaled_gross_return,scaled_net_return,hedge_index_return,estimated_beta,hedge_notional,hedge_turnover,hedge_trade_cost,hedge_roll_cost,overlay_gross_return,overlay_net_return
2018-01-31,2018-02-28,-0.0273084304838768,0.9999999999999976,240,0.75,0.2,-0.0293084304838768,1.0,1.0,-0.0273084304838768,-0.0293084304838768,-0.026765853098845493,0.0,0.0,0.0,0.0,0.0,-0.0273084304838768,-0.0293084304838768
2018-02-28,2018-03-31,-0.0117992400954465,0.0791666666666689,227,0.75,0.2,-0.0119575734287799,1.0,0.0791666666666689,-0.0117992400954465,-0.0119575734287799,0.01511655676427437,0.0,0.0,0.0,0.0,0.0,-0.0117992400954465,-0.0119575734287799
2018-03-31,2018-04-30,-0.0489803052988344,0.1522633744855995,243,0.75,0.2,-0.0492848320478056,1.0,0.1522633744855995,-0.0489803052988344,-0.0492848320478056,-0.0414987814522747,0.0,0.0,0.0,0.0,0.0,-0.0489803052988344,-0.0492848320478056
2018-04-30,2018-05-31,0.0210140115232005,0.1475409836065584,244,0.75,0.2,0.0207189295559874,1.0,0.1475409836065584,0.0210140115232005,0.0207189295559874,-0.01817496451728773,0.0,0.0,0.0,0.0,0.0,0.0210140115232005,0.0207189295559874
2018-05-31,2018-06-30,-0.0827027048751383,0.1468253968253982,252,0.75,0.2,-0.0829963556687891,1.0,0.1468253968253982,-0.0827027048751383,-0.0829963556687891,-0.09326796880767418,0.0,0.0,0.0,0.0,0.0,-0.0827027048751383,-0.0829963556687891
2018-06-30,2018-07-31,0.0093764803247536,0.0595238095238104,251,0.75,0.2,0.0092574327057059,1.0,0.0595238095238104,0.0093764803247536,0.0092574327057059,-0.005568882691952659,0.0,0.0,0.0,0.0,0.0,0.0093764803247536,0.0092574327057059
2018-07-31,2018-08-31,-0.071843574876945,0.13846153846154,260,0.75,0.2,-0.072120497953868,1.0,0.13846153846154,-0.071843574876945,-0.072120497953868,-0.07205748554636471,0.0,0.0,0.0,0.0,0.0,-0.071843574876945,-0.072120497953868
2018-08-31,2018-09-30,0.0046052118215503,0.102272727272728,264,0.75,0.2,0.0044006663670048,1.0,0.102272727272728,0.0046052118215503,0.0044006663670048,-0.00292537584580721,0.0,0.0,0.0,0.0,0.0,0.0046052118215503,0.0044006663670048
2018-09-30,2018-10-31,-0.088111334124251,0.1094339622641509,265,0.75,0.2,-0.0883302020487793,1.0,0.1094339622641509,-0.088111334124251,-0.0883302020487793,-0.11001956727123108,0.0,0.0,0.0,0.0,0.0,-0.088111334124251,-0.0883302020487793
2018-10-31,2018-11-30,0.028016649918406,0.1835205992509368,267,0.75,0.2,0.0276496087199041,1.0,0.1835205992509368,0.028016649918406,0.0276496087199041,0.024362138401972544,0.0,0.0,0.0,0.0,0.0,0.028016649918406,0.0276496087199041
2018-11-30,2018-12-31,-0.0269763886893223,0.2205882352941207,272,0.75,0.2,-0.0274175651599105,0.9900346485730492,0.2283553474357147,-0.0267075594958032,-0.0271642701906746,-0.047667363829989706,0.0,0.0,0.0,0.0,0.0,-0.0269763886893223,-0.0274175651599105
2018-12-31,2019-01-31,0.0208194189491391,0.1018181818181852,275,0.75,0.2,0.0206157825855027,1.0,0.1107688792816647,0.0208194189491391,0.0205978811905758,0.0020242159380596814,0.0,0.0,0.0,0.0,0.0,0.0208194189491391,0.0206157825855027
2019-01-31,2019-02-28,0.1559955188004255,0.1123188405797111,276,0.75,0.2,0.155770881119266,1.0,0.1123188405797111,0.1559955188004255,0.155770881119266,0.20323820323841968,0.9028209816104678,0.4514104908052339,0.4514104908052339,0.00022570524540261694,0.00037617540900436154,0.0642516617261966,0.06342514339063013
2019-02-28,2019-03-31,0.0937438841784055,0.1340579710144936,275,0.75,0.2,0.0934757682363766,0.6524493224159224,0.4350167099369374,0.0611631337128374,0.0602931002929635,0.1039482782865715,0.8005192555816911,0.40025962779084556,0.051150863014388315,2.5575431507194158e-05,0.00033354968982570463,0.052137585001923156,0.05151034393856136
2019-03-31,2019-04-30,-0.0110339071718958,0.1516245487364626,277,0.75,0.2,-0.0113371562693688,0.5975387195071786,0.1455121416065834,-0.0065931867626557,-0.0068842110458689,-0.04327782636204114,0.8177199683957245,0.40885998419786224,0.008600356407016674,4.300178203508337e-06,0.0003407166534982185,0.0066606642306061645,0.0060123983014314375
2019-04-30,2019-05-31,-0.0511996384595488,0.1696750902527075,274,0.75,0.2,-0.0515389886400542,0.6108599281493439,0.114708644804033,-0.0312758074706723,-0.0315052247602804,-0.07452724126404064,0.7999420804824988,0.3999710402412494,0.008888943956612827,4.4444719783064135e-06,0.0003333092002010412,-0.021390900244859897,-0.02206800409754464
2019-05-31,2019-06-30,0.0307603891272778,0.1240875912408758,274,0.75,0.2,0.0305122139447961,0.5981081669614092,0.0869695629276715,0.0183980399559358,0.0182241008300804,0.007833011313584048,0.8025600957874471,0.40128004789372357,0.001309007652474159,6.545038262370795e-07,0.0003344000399114363,0.02761715797221071,0.027033928245991337
2019-06-30,2019-07-31,0.0012890936149248,0.115942028985509,276,0.75,0.2,0.0010572095569538,0.6356006018181095,0.1068383092870096,0.0008193486774461,0.0006056720588721,-0.009551527196752674,0.7885119357101142,0.3942559678550571,0.007024080038666447,3.5120400193332236e-06,0.0003285466398792142,0.005054840214374426,0.004490897476504879
2019-07-31,2019-08-31,-0.0220106272564132,0.1978417266187082,278,0.75,0.2,-0.0224063107096506,0.6353815933286141,0.1259239999753743,-0.013985147416342,-0.0142369954162928,-0.003406236896204451,0.7887602235475187,0.39438011177375937,0.0001241439187022464,6.20719593511232e-08,0.00032865009314479943,-0.020667275168560185,-0.021391670786901736
2019-08-31,2019-09-30,0.0131147383624936,0.1906474820143882,278,0.75,0.2,0.0127334433984648,0.6733479238236704,0.1591002313814465,0.0088307818478757,0.0085125813851128,0.011131523854335246,0.767626281365479,0.3838131406827395,0.010566971091019894,5.283485545509948e-06,0.0003198442839022829,0.008842313231376357,0.008135890497899763
2019-09-30,2019-10-31,0.0049016400916043,0.1857142857142853,280,0.75,0.2,0.0045302115201757,0.6737033400891613,0.1254057449756009,0.0033022513016287,0.0030514398116775,-0.0047525028511815615,0.767208436267418,0.383604218133709,0.00020892254903048801,1.0446127451524401e-07,0.0003196701817780908,0.006724720232010026,0.00603351701752882
2019-10-31,2019-11-30,-0.0132124854526167,0.2178571428571423,280,0.75,0.2,-0.0136481997383309,0.7704863164475166,0.2435540611634936,-0.010180039247503,-0.01066714736983,-0.004569235423783735,0.7430668196513109,0.37153340982565547,0.012070808308053516,6.035404154026758e-06,0.0003096111748547129,-0.011514861835322156,-0.012266222700045095
2019-11-30,2019-12-31,0.0908561834375066,0.1964285714285709,280,0.75,0.2,0.0904633262946495,0.760916152469387,0.159035836784616,0.0691339375293204,0.0688158658557511,0.0761433109945977,0.7480787508799084,0.3740393754399542,0.002505965614298722,1.252982807149361e-06,0.00031169947953329515,0.06237558694915707,0.06166977734395953
2019-12-31,2020-01-31,0.0043903378897222,0.1678571428571454,279,0.75,0.2,0.0040546236040079,0.7353781217644605,0.1489765011439628,0.0032285584312552,0.0029306054289673,0.02089730100383047,0.7731266465393669,0.38656332326968346,0.012523947829729265,6.261973914864632e-06,0.0003221361027247362,-0.0036877922336853997,-0.004351904596039301
2020-01-31,2020-02-29,0.0108303669817088,0.1908127208480579,283,0.75,0.2,0.0104487415400126,0.7313319300887035,0.1435936270990442,0.007920593188302,0.0076334059341039,0.01367494634652977,0.7777441836421022,0.3888720918210511,0.002308768551367635,1.1543842756838175e-06,0.0003240600765175426,0.005512561990393129,0.004805722087903702
2020-02-29,2020-03-31,-0.0351671677856175,0.2167832167832165,286,0.75,0.2,-0.0356007342191839,1.0,0.4272085582522041,-0.0351671677856175,-0.0360215849021219,-0.07518211839407041,0.8448980729773932,0.4224490364886966,0.03357694466764549,1.6788472333822746e-05,0.0003520408637405805,-0.0034065543088633438,-0.004208950078504149
2020-03-31,2020-04-30,0.0526649723974154,0.2237762237762235,286,0.75,0.2,0.052217419949863,1.0,0.2237762237762235,0.0526649723974154,0.052217419949863,0.061969621325469015,0.7673172869141047,0.38365864345705236,0.03879039303164422,1.9395196515822112e-05,0.0003197155362142103,0.028889791544138732,0.028103128363856304
2020-04-30,2020-05-31,0.0263065326200877,0.2307692307692304,286,0.75,0.2,0.0258449941585492,1.0,0.2307692307692304,0.0263065326200877,0.0258449941585492,0.009803668318405734,0.7913105340352472,0.3956552670176236,0.01199662356057124,5.99831178028562e-06,0.00032971272251468633,0.022427659613816663,0.021630410117983192
2020-05-31,2020-06-30,0.0882633936806071,0.163763066202095,287,0.75,0.2,0.0879358675482029,1.0,0.163763066202095,0.0882633936806071,0.0879358675482029,0.084728544178994,0.8019511334636791,0.40097556673183954,0.005320299714215937,2.6601498571079684e-06,0.00033414630560986625,0.05428931766007127,0.05362498507220011
2020-06-30,2020-07-31,0.1393986504396434,0.1724137931034509,290,0.75,0.2,0.1390538228534364,1.0,0.1724137931034509,0.1393986504396434,0.1390538228534364,0.12196518595711314,0.8536162113917775,0.42680810569588873,0.02583253896404919,1.2916269482024596e-05,0.0003556734214132406,0.08734292046044112,0.08662950318333887
2020-07-31,2020-08-31,0.035535218482118,0.1790540540540545,296,0.75,0.2,0.0351771103740099,0.8243471156204741,0.3232555773791382,0.0292933548586774,0.0286468437039191,0.013490077191970595,0.9525146619547294,0.4762573309773647,0.049449225281475995,2.4724612640738e-05,0.0003968811091478039,0.029110470323991458,0.028330756494094816
2020-08-31,2020-09-30,-0.0693197181971028,0.1784511784511817,297,0.75,0.2,-0.0696766205540052,0.8676455541928898,0.1904041528077218,-0.0601449453116202,-0.0605257536172357,-0.07137122637937621,0.9190271639598929,0.45951358197994646,0.016743748997418262,8.37187449870913e-06,0.0003829279849832887,-0.03652367031321399,-0.03727187252959839
2020-09-30,2020-10-31,0.0063667111615656,0.1414141414141451,296,0.75,0.2,0.0060838828787373,0.744547678869771,0.2283874460723821,0.0047403200173779,0.0042835451252332,-0.013085039286072964,0.9493671696734806,0.4746835848367403,0.015170002856793818,7.585001428396909e-06,0.0003955696540306169,0.012577964517608295,0.011891981579320983
2020-10-31,2020-11-30,0.0200799725505594,0.171717171717175,297,0.75,0.2,0.019736538207125,0.7452047217059834,0.1285086644603169,0.0149636903564034,0.0147066730274827,0.03427364880225037,0.9411905741582758,0.4705952870791379,0.004088297757602388,2.044148878801194e-06,0.00039216273923261494,0.00395095495321484,0.003213313721669021
2020-11-30,2020-12-31,0.023652228794701,0.1566666666666673,300,0.75,0.2,0.0233388954613677,0.7632257716764156,0.1347697897043701,0.0180519905737028,0.0177824509942941,0.007303624229803685,0.9216835134040569,0.4608417567020284,0.009753530377109465,4.876765188554733e-06,0.00038403479725169034,0.02028641377434677,0.019584168878573224
2020-12-31,2021-01-31,0.0018377701207495,0.1395348837209342,301,0.75,0.2,0.0015587003533076,0.8094092225086137,0.152680070135887,0.0014875080845854,0.0011821479443136,-0.0032952941734928354,0.9010716100156438,0.4505358050078219,0.010305951694206505,5.152975847103253e-06,0.0003754465041731849,0.00332241813394168,0.0026627488864794917
2021-01-31,2021-02-28,0.0135330236582402,0.1672131147541041,305,0.75,0.2,0.013198597428732,0.8079673232224582,0.1365446320217186,0.0109342409002545,0.0106611516362111,0.0028685670675050456,0.9073068379903477,0.45365341899517386,0.0031176139873519415,1.5588069936759707e-06,0.0003780445158293116,0.012231688400449577,0.011517658848118392
2021-02-28,2021-03-31,0.002731586688401,0.1298701298701328,308,0.75,0.2,0.0024718464286607,0.8088651357391462,0.1058286337144122,0.0022094852374967,0.0019978279700679,-0.01732905826354847,0.9070868019428607,0.45354340097143037,0.00011001802374349667,5.5009011871748336e-08,0.00037795283414285866,0.010591066708882843,0.009953318605987813
2021-03-31,2021-04-30,0.0195560474936052,0.1214057507987226,313,0.75,0.2,0.0193132359920077,0.8542975891284338,0.1436333324886093,0.016706684226668,0.0164194175616908,0.03703866035445702,0.9681405298685614,0.4840702649342807,0.030526863962850315,1.5263431981425158e-05,0.0004033918874452339,0.001626733363012351,0.0009652665419881933
2021-04-30,2021-05-31,0.0285876491690729,0.2140575079872197,313,0.75,0.2,0.0281595341530985,0.8635219663388904,0.192093190218779,0.0246860630234842,0.0243018766430466,0.03751018055005084,0.9773379778711068,0.4886689889355534,0.004598724001272703,2.2993620006363515e-06,0.00040722415744629453,0.010257587164889496,0.009419948629468163
2021-05-31,2021-06-30,0.0007038184519811,0.1650793650793683,315,0.75,0.2,0.0003736597218224,0.8634016190542777,0.1426501383665915,0.0006076779909608,0.0003223777142276,0.01177049190760493,0.9689641447848156,0.4844820723924078,0.004186916543145569,2.0934582715727847e-06,0.00040373506032700653,-0.004998773860493402,-0.005734761109250681
2021-06-30,2021-07-31,-0.0501655185606628,0.135646687697162,317,0.75,0.2,-0.0504368119360571,0.931582652796485,0.185298603519287,-0.0467333268596536,-0.0471039240666921,-0.006000798903560978,0.9727306158491102,0.4863653079245551,0.0018832355321473093,9.416177660736547e-07,0.00040530442327046256,-0.04724693815413903,-0.04792447757056986
2021-07-31,2021-08-31,0.0424837966925234,0.2173913043478264,322,0.75,0.2,0.0420490140838277,1.0,0.2709353152027512,0.0424837966925234,0.0419419260621179,0.0721141105083507,0.8324074746465454,0.4162037373232727,0.07016157060128242,3.508078530064121e-05,0.00034683644776939393,0.012469634385204341,0.011652934543438605
2021-08-31,2021-09-30,-0.0025099064500968,0.2361963190184076,326,0.75,0.2,-0.0029822990881336,1.0,0.2361963190184076,-0.0025099064500968,-0.0029822990881336,-0.02091138925396363,0.741287717667532,0.370643858833766,0.04555987848950671,2.2779939244753357e-05,0.0003088698823614717,0.005240771556567228,0.004436729096924202
2021-09-30,2021-10-31,-0.0279859903095698,0.2567975830815718,331,0.75,0.2,-0.0284995854757329,1.0,0.2567975830815718,-0.0279859903095698,-0.0284995854757329,-0.011418993941900268,0.5471714145252321,0.27358570726261605,0.09705815157114994,4.852907578557497e-05,0.00022798808938551335,-0.024861916775747485,-0.025652029107081673
2021-10-31,2021-11-30,0.0558345604196412,0.3573573573573638,333,0.75,0.2,0.0551198457049264,1.0,0.3573573573573638,0.0558345604196412,0.0551198457049264,0.03279025815523173,0.6459842426559413,0.32299212132797067,0.04940641406535462,2.470320703267731e-05,0.0002691601011066422,0.045243565379191115,0.044234987356337
2021-11-30,2021-12-31,0.0598713054698324,0.2908011869436249,337,0.75,0.2,0.0592897030959451,1.0,0.2908011869436249,0.0598713054698324,0.0592897030959451,0.014705643776358412,0.7366309079037491,0.36831545395187454,0.04532333262390387,2.2661666311951935e-05,0.00030692954495989546,0.054454989606688396,0.05354379602152925
2021-12-31,2022-01-31,-0.0768297353117986,0.2732558139534889,344,0.75,0.2,-0.0773762469397055,1.0,0.2732558139534889,-0.0768297353117986,-0.0773762469397055,-0.10583488038990518,0.7604402711542828,0.3802201355771414,0.011904681625266866,5.952340812633433e-06,0.0003168501129809512,-0.0365891€}Ì¢Gß≤⁄Óù∆≠y“-04-30,-0.105543700112136,0.2969187675070072,357,0.75,0.2,-0.1061375376471501,0.9506048574305258,0.3316475652239202,-0.1003303539977873,-0.1009936491282351,-0.11020686327345919,0.7532237592456011,0.37661187962280057,0.008928935848091568,4.464467924045784e-06,0.0003138432330190005,-0.06403848618738554,-0.06495063142334269
2022-04-30,2022-05-31,0.0882709677710859,0.2913165266106458,356,0.75,0.2,0.0876883347178646,0.7878885969168294,0.3922412299236423,0.0695476889456516,0.0687632064858043,0.07077769300729675,0.8303970747911564,0.4151985373955782,0.038586657772777644,1.9293328886388822e-05,0.0003459987811629819,0.05888417315422304,0.05793624799095237
2022-05-31,2022-06-30,0.0646429398053045,0.2829131652661084,357,0.75,0.2,0.0640771134747722,0.7119143998192389,0.2773841533489732,0.0460202396940445,0.0454654713873465,0.07099564557103344,0.8857953506113779,0.44289767530568896,0.02769913791011075,1.3849568955055375e-05,0.0003690813960880741,0.03319913342506716,0.032250376129491734
2022-06-30,2022-07-31,0.011259312258357,0.2349726775956289,366,0.75,0.2,0.0107893669031658,0.6789304532982423,0.1925140530336986,0.0076442899753928,0.0072592618693254,-0.0247854689142607,0.885396531663393,0.4426982658316965,0.00019940947399244013,9.970473699622007e-08,0.0003689152215264138,0.022231796364525633,0.021392836083071024
2022-07-31,2022-08-31,-0.0086580432887005,0.3306010928961752,366,0.75,0.2,-0.0093192454744929,0.7042077849651736,0.2497324815278257,-0.0060970614864684,-0.006596526449524,-0.02198515508635579,0.8714882131021926,0.4357441065510963,0.006954159280600225,3.4770796403001126e-06,0.00036312008879258026,0.0009218584717908939,-0.00010594088243438664
2022-08-31,2022-09-30,-0.0681241344369616,0.3825136612021867,365,0.75,0.2,-0.068889161759366,0.7132634075600336,0.2784247206689708,-0.0485904522655851,-0.049147301706923,-0.07175343768897746,0.9364808161342192,0.4682404080671096,0.03249630151601329,1.6248150758006645e-05,0.00039020034005592466,-0.03452627549325687,-0.035697751306475206
2022-09-30,2022-10-31,0.0258421351982877,0.3288043478260875,368,0.75,0.2,0.0251845265026355,0.6739378187718605,0.2609192737647906,0.0174159922279415,0.0168941536804119,0.016282355236791224,0.9567799648316259,0.47838998241581293,0.010149574348703339,5.074787174351669e-06,0.0003986583186798441,0.01805281956287113,0.016991477761364737
2022-10-31,2022-11-30,0.0881596227927454,0.3908355795148333,371,0.75,0.2,0.0873779516337157,0.6758387956121406,0.2652998547969428,0.0595816932898696,0.0590510935802757,0.06010280521166411,0.9556759413313314,0.4778379706656657,0.000552011750147241,2.760058750736205e-07,0.0003981983088880547,0.059440220319090034,0.0582600748452972
2022-11-30,2022-12-31,-0.0256973534299828,0.3244680851063879,376,0.75,0.2,-0.0263462896001956,0.6455373390666872,0.2397577208170944,-0.0165886011542473,-0.0170681165958815,-0.04738043517049506,0.9689118955972489,0.48445594779862444,0.006617977132958752,3.308988566479376e-06,0.00040371328983218705,-0.002743619802349332,-0.0037995782509608
2022-12-31,2023-01-31,0.0680591324751695,0.2796833773087127,379,0.75,0.2,0.067499765720552,0.6622565229681521,0.1972652470705155,0.0450726044292345,0.0446780739350935,0.07241798950880152,0.9494504852274284,0.4747252426137142,0.00973070518491026,4.86535259245513e-06,0.0003956043688447618,0.03368048483600629,0.032720648359951574
2023-01-31,2023-02-28,0.0441822394086525,0.3420365535248076,383,0.75,0.2,0.0434981663016029,0.6825930555514321,0.2468524712486294,0.030158489799057,0.0296647848565597,0.010874663730733314,0.9443312246758592,0.4721656123379296,0.002559630275784597,1.2798151378922984e-06,0.0003934713436149413,0.03904759714926173,0.0379687728834593
2023-02-28,2023-03-31,-0.0030204125783393,0.3582474226804181,388,0.75,0.2,-0.0037369074237001,0.6820439579850053,0.2448895876693063,-0.0020600541496782,-0.0025498333250168,-0.0027877755391885195,0.9602711700496734,0.4801355850248367,0.007969972686907134,3.984986343453567e-06,0.0004001129875206972,-0.0016819023389130908,-0.002802495158138041
2023-03-31,2023-04-30,0.0001906239408993,0.3647959183673484,392,0.75,0.2,-0.0005389678958353,0.7095631862008381,0.276326080235874,0.0001352597308707,-0.000417392429601,-0.01554920377532265,0.9847959691627608,0.4923979845813804,0.01226239955654368,6.13119977827184e-06,0.000410331653817817,0.007847020541713365,0.006700965851382677
2023-04-30,2023-05-31,0.0068843011523164,0.3664122137404587,393,0.75,0.2,0.0061514767248355,0.8952682205583721,0.4456976522021164,0.0061632960424222,0.005271900738018,-0.030994558697052255,0.9374181176244201,0.46870905881221003,0.023688925769170366,1.1844462884585183e-05,0.00039059088234350844,0.021411731587511564,0.02027647181480257
2023-05-31,2023-06-30,0.0132829690792849,0.3536895674300263,392,0.75,0.2,0.0125755899444248,0.9839396027149532,0.405318411819721,0.0130696393187466,0.0122590024951071,-0.008115675617593965,0.8874457426134975,0.44372287130674876,0.024986187505461277,1.2493093752730638e-05,0.00036976905942229065,0.016884079966917865,0.015794438678882746
2023-06-30,2023-07-31,0.0386458081277029,0.3249370277078099,397,0.75,0.2,0.0379959340722873,1.0,0.335778807235247,0.0386458081277029,0.0379742505132324,0.014925754032633076,0.9447685104123642,0.4723842552061821,0.028661383899433346,1.4330691949716673e-05,0.00039365354600515173,0.031595116925606855,0.03053725863223639
2023-07-31,2023-08-31,-0.0362386944206615,0.4246231155778903,398,0.75,0.2,-0.0370879406518172,1.0,0.4246231155778903,-0.0362386944206615,-0.0370879406518172,-0.057297112197455924,0.9718201632645223,0.4859100816322611,0.013525826426079024,6.762913213039512e-06,0.0004049250680268843,-0.008397449955502869,-0.009658384167898491
2023-08-31,2023-09-30,0.0041670331233796,0.3618090452261294,398,0.75,0.2,0.0034434150329273,0.9809125711697028,0.3739904696555151,0.0040874951752036,0.0033395142358926,-0.008472998102882046,0.9621641489309678,0.4810820744654839,0.004828007166777226,2.4140035833886133e-06,0.00040090172872123657,0.008243240627656204,0.0071163068048992785
2023-09-30,2023-10-31,-0.0031690381159615,0.2718204488778059,401,0.75,0.2,-0.0037126790137171,1.0,0.2857195242355286,-0.0031690381159615,-0.0037404771644325,-0.02856003816335917,0.8920327927804168,0.4460163963902084,0.0350656780752755,1.753283903763775e-05,0.0003716803303251736,0.009569207186426783,0.008636353119308372
2023-10-31,2023-11-30,0.0402830358888034,0.3341584158415871,404,0.75,0.2,0.0396147190571203,1.0,0.3341584158415871,0.0402830358888034,0.0396147190571203,0.003039772404232588,0.894506295818431,0.4472531479092155,0.0012367515190070955,6.183757595035478e-07,0.0003727109565910129,0.038923488112082814,0.0378818419480492
2023-11-30,2023-12-31,-0.0138535783541341,0.321867321867325,407,0.75,0.2,-0.0144973129978688,1.0,0.321867321867325,-0.0138535783541341,-0.0144973129978688,-0.02088537026600401,0.8284991986345307,0.41424959931726535,0.03300354859195015,1.6501774295975074e-05,0.0003452079994310544,-0.0052018220898492114,-0.00620726650731094
2023-12-31,2024-01-31,-0.1333331502425979,0.3236009732360116,411,0.75,0.2,-0.13398035218907,1.0,0.3236009732360116,-0.1333331502425979,-0.13398035218907,-0.13487187288227243,0.8289740820991152,0.4144870410495576,0.00023744173229223176,1.1872086614611588e-07,0.000345405867541298,-0.07743050673081273,-0.07842323326569228
2024-01-31,2024-02-29,0.0430045074352834,0.4067796610169543,413,0.75,0.2,0.0421909481132495,0.918177745859786,0.4553182863543689,0.0394857816987389,0.0385751451260302,0.1383458845560801,1.1304688085358332,0.5652344042679166,0.15074736321835902,7.537368160917951e-05,0.00047102867022326384,-0.03519334620469051,-0.03655330787855685
2024-02-29,2024-03-31,0.064922833544658,0.2613908872901733,417,0.75,0.2,0.0644000517700776,0.9202685344043432,0.242094084224938,0.0597464408755195,0.0592622527070697,-0.011337158660260194,0.6305635136677018,0.3152817568338509,0.2499526474340657,0.00012497632371703284,0.00026273479736154244,0.06849723284456893,0.06758673994890996
2024-03-31,2024-04-30,0.0047855042759594,0.3397129186602873,418,0.75,0.2,0.0041060784386389,0.8482658188735869,0.3601695726600613,0.0040593797033698,0.0033390405580497,0.029317927499354024,0.6352205977195072,0.3176102988597536,0.0023285420259027134,1.1642710129513568e-06,0.00026467524904979464,-0.004526171439059022,-0.005471436796442267
2024-04-30,2024-05-31,-0.0117490248190419,0.3708133971291854,418,0.75,0.2,-0.0124906516133003,0.8482344014759592,0.3145680973707694,-0.0099659270353062,-0.0105950632300477,-0.024371774168846283,0.6131654706119527,0.30658273530597635,0.011027563553777264,5.513781776888632e-06,0.00025548561275498034,-0.004277059630097469,-0.005279685818887736
2024-05-31,2024-06-30,-0.0720139796677515,0.3086124401913948,414,0.75,0.2,-0.0726312045481343,0.8459803513175076,0.263334110732521,-0.0609224118190963,-0.0614490800405613,-0.06889836635956015,0.6240123132799189,0.31200615663995945,0.005423421333983103,2.7117106669915513e-06,0.00026000513053329956,-0.05051726518113327,-0.05139720690271637
2024-06-30,2024-07-31,0.0093518591655364,0.2607655502392407,418,0.75,0.2,0.0088303280650579,0.7861188637672104,0.2648542056140005,0.0073516729013224,0.0068219644900944,-0.011405880553034042,0.6647296727015769,0.33236483635078845,0.020358679710828997,1.0179339855414498e-05,0.0002769706969589904,0.0131427727889822,0.012334091651689296
2024-07-31,2024-08-31,-0.0289963240026257,0.3038277511961722,418,0.75,0.2,-0.029603979505018,0.8087476636420966,0.2614735264261678,-0.0234507092913328,-0.0239736563441851,-0.0506100622865836,0.6485689673105687,0.32428448365528434,0.008080352695504112,4.040176347752056e-06,0.00027023706971273693,-0.012584266086259156,-0.013466198834711946
2024-08-31,2024-09-30,0.2104958920918217,0.2703349282296663,416,0.75,0.2,0.2099552222353624,0.8132930240856148,0.2231781020501146,0.1711948406369569,0.1707484844328567,0.2379967399298022,0.6461551458575309,0.32307757292876543,0.001206910726518906,6.034553632594531e-07,0.0002692313107739712,0.1336044829903426,0.1327939783677461
2024-09-30,2024-10-31,0.0207192169020609,0.2470023980815355,417,0.75,0.2,0.0202252121058978,0.5235425648072137,0.4190667282835406,0.0108473919577019,0.0100092585011348,0.02752365107010646,0.7695708857613528,0.3847854428806764,0.061707869951910965,3.085393497595548e-05,0.000320654535733897,0.010128516635356783,0.009283003368483832
2024-10-31,2024-11-30,0.0496360254124835,0.2805755395683447,417,0.75,0.2,0.0490748743333468,0.5237694668400541,0.1471201396406194,0.0259978345663558,0.0257035942870746,-0.008362564816244533,0.773471719246899,0.3867358596234495,0.0019504167427730756,9.752083713865377e-07,0.0003222798830195412,0.05287012910535064,0.05198572293482301
2024-11-30,2024-12-31,-0.0117154893233492,0.2918660287081341,418,0.75,0.2,-0.0122992213807654,0.5216043559847873,0.1544037027934106,-0.0061108502635522,-0.006419657669139,-0.0215658238343428,0.7667363203502017,0.38336816017510084,0.0033676994483486378,1.6838497241743188e-06,0.000319473466812584,-0.0034478391173168622,-0.004352728491269819
2024-12-31,2025-01-31,-0.0128188257264495,0.2625298329355702,419,0.75,0.2,-0.0133438853923206,0.5219694028569069,0.1373017513072714,-0.0066910348097616,-0.0069656383123761,-0.02382157717843003,0.7659847129989124,0.3829923564994562,0.0003758036756446592,1.879018378223296e-07,0.00031916029708288013,-0.0036953437473489156,-0.004539751612140717
2025-01-31,2025-02-28,0.0499586138672736,0.2458233890214792,419,0.75,0.2,0.0494669670892306,0.6182279156136569,0.2245708003325526,0.0308858097181121,0.030436668117447,0.048403260734669606,0.7004890807734949,0.35024454038674746,0.032747816112708716,1.6373908056354357e-05,0.00029187045032228956,0.03300563605803934,0.0322057449216177
2025-02-28,2025-03-31,0.016475870909714,0.2976190476190523,420,0.75,0.2,0.0158806328144759,0.6163201982041782,0.1853363478273917,0.0101544120246614,0.0097837393290066,-0.0003589774909488197,0.8228052143651318,0.4114026071825659,0.06115806679581842,3.0579033397909214e-05,0.00034283550598547156,0.0166235551854102,0.01565490255078872
2025-03-31,2025-04-30,-0.0306680588793092,0.3166666666666715,419,0.75,0.2,-0.0313013922126425,0.6276237417289431,0.2064716062894243,-0.0192480018653955,-0.0196609450779744,-0.038573408937036646,0.8421477338846793,0.42107386694233967,0.009671259759773787,4.835629879886894e-06,0.0003508948891186164,-0.014425804417042977,-0.01541486826937478
2025-04-30,2025-05-31,0.0487747693962542,0.3794749403341376,416,0.75,0.2,0.0480158195155859,0.6151936108101076,0.2458806896749437,0.0300059265013119,0.029514165121962,0.00696989435049411,0.8567817120935944,0.4283908560467972,0.00731698910445755,3.6584945522287746e-06,0.0003569923800389977,0.045788930388890293,0.04466932963363077
2025-05-31,2025-06-30,0.0592966247002759,0.3725961538461605,413,0.75,0.2,0.0585514323925835,0.6150105413884631,0.2293336317178307,0.0364680492594251,0.0360093819959895,0.04308299463600429,0.8553722643014201,0.42768613215071005,0.0007047238960871671,3.5236194804358354e-07,0.0003564051101255917,0.040870625362933434,0.0397686755831674
2025-06-30,2025-07-31,0.0661759285067873,0.3365155131264923,419,0.75,0.2,0.0655028974805343,0.6698326218469957,0.261782668372073,0.0443267956948606,0.0438032303581165,0.05256615214321636,0.8221450702838426,0.4110725351419213,0.016613597008788727,8.306798504394364e-06,0.0003425604459516011,0.04456742708261941,0.04354352881191041
2025-07-31,2025-08-31,0.0671039415802509,0.4373522458628923,423,0.75,0.2,0.0662292370885251,0.6668004158483116,0.2946588654122536,0.0447449361507721,0.0441556184199476,0.13131079227669473,0.8255063464953026,0.4127531732476513,0.0016806381057299924,8.403190528649962e-07,0.0003439609777063761,0.01290499538638197,0.011685489597896927
2025-08-31,2025-09-30,-0.0023232946689875,0.368794326241137,422,0.75,0.2,-0.0030608833214698,0.6984775759721146,0.277589370223891,-0.0016227692286633,-0.0021779479691111,0.0523063485116404,0.7369021280480148,0.3684510640240074,0.044302109223643915,2.2151054611821957e-05,0.0003070425533533395,-0.021595624433311963,-0.022662406693759424
2025-09-30,2025-10-31,0.0225060198820033,0.3356973995271898,423,0.75,0.2,0.0218346250829489,1.0,0.5359995299097795,0.0225060198820033,0.0214340208221838,-0.010976502105512709,0.501185664527727,0.2505928322638635,0.11785823176014393,5.892911588007197e-05,0.00020882736021988623,0.02525665263297399,0.024317501357819633
2025-10-31,2025-11-30,-0.0040103631666898,0.3971631205673772,422,0.75,0.2,-0.0048046894078246,1.0,0.3971631205673772,-0.0040103631666898,-0.0048046894078246,-0.04084838088765186,0.4889701065556585,0.24448505327782924,0.006107778986034235,3.0538894930171173e-06,0.00020373754439819106,0.005976455410940827,0.004975337735914819
2025-11-30,2025-12-31,0.0110472368340476,0.3554502369668244,422,0.75,0.2,0.010336336360114,1.0,0.3554502369668244,0.0110472368340476,0.010336336360114,0.06172392484696476,0.5242672601963931,0.26213363009819657,0.01764857682036733,8.824288410183665e-06,0.00021844469174849714,-0.005132679649995545,-0.006070849104087827
