signal_month,month,period,maximum_feature_month,gross_return,turnover,turnover_budget,forced_turnover,invested_weight,missing_forward_return_weight,net_return_20bps,proxy_net_return,holdings,rank_ic,long_short_gross_return,diagnostic_long_turnover,diagnostic_short_turnover,diagnostic_leg_turnover_budget,diagnostic_forced_turnover,diagnostic_long_invested_weight,diagnostic_short_invested_weight,diagnostic_long_missing_forward_return_weight,diagnostic_short_missing_forward_return_weight,long_short_turnover,long_short_net_return_20bps,long_short_proxy_net_return
2018-01-31,2018-02-28,development,2018-01-31,-0.043726515959087116,1.0,0.1,0.0,1.0,0.0,-0.04572651595908712,-0.046535357609655284,241,0.05583624725027071,0.009842208844525295,1.0,1.0,0.2,0.0,0.9999999999999999,0.9999999999999999,0.0,0.0,2.0,0.005842208844525295,0.003644972253166701
2018-02-28,2018-03-31,development,2018-02-28,0.029135102637317584,0.1,0.1,0.06846473029045644,0.9261410788381743,0.0,0.028935102637317585,0.028542665612740627,228,-0.006189580816632253,-0.025269501826964833,0.15146333258578154,0.13815877999551468,0.2,0.11603778874187037,0.9999999999999999,0.9999999999999999,0.0,0.0,0.2896221125812962,-0.025848746052127426,-0.027514226395153326
2018-03-31,2018-04-30,development,2018-03-31,-0.03193803080672804,0.10000000000000003,0.1,0.057378766922335386,0.8818142992607918,0.0,-0.032138030806728037,-0.03257816751107862,241,0.15893200074008715,0.03832885123779227,0.19999999999999998,0.10470521541950113,0.2,0.10025827347255918,0.9837629821308841,0.9999999999999999,0.0,0.0,0.30470521541950113,0.03771944080695327,0.036137209943127815
2018-04-30,2018-05-31,development,2018-04-30,-0.016535773869773476,0.1,0.1,0.04091597022456626,0.8474998854674206,0.0,-0.016735773869773474,-0.017071892321730685,278,0.09531296204571157,0.016008029321293,0.20000000000000004,0.2,0.2,0.11594602259544456,0.9015362781901708,0.9879000155050314,0.0,0.0,0.4,0.015208029321292999,0.013573659529201282
2018-05-31,2018-06-30,development,2018-05-31,-0.07888991966740044,0.10000000000000003,0.1,0.055360164425665236,0.7780719266166535,0.0,-0.07908991966740045,-0.07942193568395234,291,0.03683141314449953,0.012903234220677295,0.2,0.19999999999999998,0.2,0.0870813108531029,0.8566185340887117,0.9826212246488147,0.0,0.0,0.4,0.012103234220677295,0.01057590246908222
2018-06-30,2018-07-31,development,2018-06-30,0.011022506528397992,0.09999999999999998,0.1,0.028107263678255594,0.8031812118324017,0.0,0.010822506528397991,0.010485942960064316,286,0.2891675474858857,0.04388283920460439,0.2,0.2,0.2,0.03829963015290892,0.9454017337240153,0.978589282108423,0.0,0.0,0.4,0.04308283920460439,0.041298014000239795
2018-07-31,2018-08-31,development,2018-07-31,-0.055718804150325,0.10000000000000002,0.1,0.012662154000691999,0.8397202327786633,0.0,-0.055918804150325,-0.05623550532499634,334,0.15901766585334381,0.05954113300653108,0.20000000000000004,0.2,0.2,0.03572317641454279,0.939804962413465,0.9816596523891266,0.0,0.0,0.4,0.058741133006531075,0.05716941918745449
2018-08-31,2018-09-30,development,2018-08-31,0.004206035317694825,0.1,0.1,0.018248212723734922,0.8476072121488378,0.0,0.004006035317694825,0.003691283530967292,375,0.05490073882890644,0.023015032543351036,0.2,0.2,0.2,0.028448650254556,0.9501703969584908,0.9734951090885916,0.0,0.0,0.4,0.022215032543351037,0.02071977854643657
2018-09-30,2018-10-31,development,2018-09-30,-0.07543319997504903,0.09999999999999999,0.1,0.01652487741020721,0.8498096336362084,0.0,-0.07563319997504904,-0.07592603338826859,434,0.1264363738115622,0.022352360009637917,0.2,0.2,0.2,0.03061162705929762,0.9405886846195334,0.9769965440089045,0.0,0.0,0.4,0.02155236000963792,0.02016744437501811
2018-10-31,2018-11-30,development,2018-10-31,0.03879694763353387,0.09999999999999999,0.1,0.018419292170671647,0.8476618289966221,0.0,0.03859694763353387,0.03826067482350365,462,0.16443590673321404,0.0034146667491829416,0.2,0.2,0.2,0.02576664310763587,0.9523876040712587,0.9727851202031189,0.0,0.0,0.4,0.0026146667491829417,0.0009902424023008386
2018-11-30,2018-12-31,development,2018-11-30,-0.035286037042602435,0.1,0.1,0.03935194517442805,0.7952613242000814,0.0,-0.035486037042602434,-0.03583006217493491,509,0.15526480791720448,0.026828284007670823,0.2,0.2,0.2,0.08849916745842426,0.8397373150234079,0.9729156361982065,0.0,0.0,0.4,0.026028284007670825,0.024393725487764306
2018-12-31,2019-01-31,development,2018-12-31,-0.00019683987494417338,0.1,0.1,0.021934208824623515,0.7873664477469072,0.0,-0.0003968398749441734,-0.0006842765350855041,566,0.2893660306652343,0.04632025073369341,0.2,0.2,0.2,0.04044755230234275,0.8456337988775477,0.9779575519404644,0.0,0.0,0.4,0.04552025073369341,0.04412446304479767
2019-01-31,2019-02-28,development,2019-01-31,0.17003022576329396,0.1,0.1,0.015795514370630925,0.791896697930757,0.0,0.16983022576329396,0.16955321621452316,623,-0.17088425356313391,-0.08121369047509189,0.2,0.2,0.2,0.024642276864671075,0.8817861876472353,0.975804833145156,0.0,0.0,0.4,-0.08201369047509188,-0.08329162243572782
2019-02-28,2019-03-31,development,2019-02-28,0.07682830655010656,0.1,0.1,0.012722429380365038,0.8013555457480899,0.0,0.07662830655010655,0.07637104097519784,679,0.10368719791401165,-0.021324475751826125,0.2,0.2,0.2,0.03257532361084176,0.8958760720213413,0.96205140456825,0.0,0.0,0.4,-0.022124475751826123,-0.02335913608428931
2019-03-31,2019-04-30,development,2019-03-31,-0.020912728332159593,0.10000000000000002,0.1,0.013920251243895346,0.8071903094093095,0.0,-0.021112728332159592,-0.021365143293894606,714,0.2879360947674245,0.02791226590285342,0.2,0.2,0.2,0.0464040965038291,0.8721632061534951,0.9594901529098158,0.0,0.0,0.4,0.02711226590285342,0.025921628570215717
2019-04-30,2019-05-31,development,2019-04-30,-0.04054653897858958,0.1,0.1,0.017835306405134543,0.8037831502523445,0.0,-0.040746538978589576,-0.04100097614723813,760,0.1336673634301033,0.007972225976245209,0.2,0.19999999999999998,0.2,0.039308511654927374,0.8719638479322647,0.9525307372485133,0.0,0.0,0.4,0.007172225976245209,0.0059778470261693546
2019-05-31,2019-06-30,development,2019-05-31,0.009594527422485562,0.10000000000000002,0.1,0.027592146344916035,0.7803285050354252,0.0,0.009394527422485562,0.009120615787733034,781,0.23538779803209522,0.03689768361727595,0.2,0.20000000000000004,0.2,0.057926799269534646,0.8485131066419492,0.9432509500859096,0.0,0.0,0.4,0.03609768361727595,0.034749029736461996
2019-06-30,2019-07-31,development,2019-06-30,-0.007869197988771635,0.1,0.1,0.020578752185120685,0.7754650442704885,0.0,-0.008069197988771636,-0.008343698901293243,803,0.18591717555073364,0.036018552191508194,0.2,0.2,0.2,0.03325086175839003,0.8577881866430463,0.9521668478156425,0.0,0.0,0.4,0.03521855219150819,0.033964849483786926
2019-07-31,2019-08-31,development,2019-07-31,-0.014973015363320795,0.1,0.1,0.017049610181811625,0.7769355412551344,0.0,-0.015173015363320795,-0.015433313678072965,846,-0.049019183234977344,-0.012716239601047414,0.2,0.2,0.2,0.041428237609792654,0.8424070236123923,0.958044764665752,0.0,0.0,0.4,-0.013516239601047414,-0.014780189320716989
2019-08-31,2019-09-30,development,2019-08-31,0.008709892201062993,0.1,0.1,0.011578849981406314,0.7908557949002394,0.0,0.008509892201062992,0.008250315040877953,874,0.12863372331876458,0.014448254989509222,0.2,0.20000000000000004,0.2,0.026811723317737,0.8629026272619802,0.9598169830229449,0.0,0.0,0.4,0.013648254989509221,0.012365608707228984
2019-09-30,2019-10-31,development,2019-09-30,0.0004718183692562549,0.09999999999999999,0.1,0.01946708698443707,0.7874815988537882,0.0,0.0002718183692562549,1.4518196428840084e-05,888,0.12484074957039056,0.011447053534405421,0.20000000000000004,0.2,0.2,0.04649419074833239,0.8536216181430912,0.9561513695721168,0.0,0.0,0.4,0.010647053534405421,0.009449363109013998
2019-10-31,2019-11-30,development,2019-10-31,-0.01860384579747775,0.1,0.1,0.027328272282119436,0.7662472364008844,0.0,-0.01880384579747775,-0.019062805517166104,903,0.12033426628497015,0.020711095120354808,0.2,0.19999999999999998,0.2,0.06025183312924857,0.8140770790133819,0.9554533240024957,0.0,0.0,0.4,0.01991109512035481,0.018655823802138996
2019-11-30,2019-12-31,development,2019-11-30,0.06808853648276149,0.1,0.1,0.011282493116474855,0.7820765094568195,0.0,0.06788853648276148,0.06763502273569261,943,0.057649885512145935,-0.007595846114562516,0.2,0.19999999999999998,0.2,0.03824892313408533,0.8176851915199108,0.9600310812369706,0.0,0.0,0.4,-0.008395846114562516,-0.009633989496323415
2019-12-31,2020-01-31,development,2019-12-31,0.0037067933795176884,0.1,0.1,0.02158341592507714,0.7746758550455417,0.0,0.0035067933795176883,0.0032549855306591674,954,0.049156559035487976,0.010557396398105625,0.19999999999999998,0.2,0.2,0.0318767757869335,0.8405460113908335,0.9586037082345196,0.0,0.0,0.4,0.009757396398105625,0.008617365198579977
2020-01-31,2020-02-29,development,2020-01-31,0.00413822514340279,0.1,0.1,0.011658505383016188,0.7898078405247926,0.0,0.003938225143402791,0.0036944968419371084,982,-0.051954515220184426,-0.032911190564253824,0.2,0.2,0.2,0.03445650560667802,0.866603072105841,0.9472435786670905,0.0,0.0,0.4,-0.033711190564253826,-0.03484109835809123
2020-02-29,2020-03-31,development,2020-02-29,-0.0359152792931014,0.1,0.1,0.011963330837756875,0.7996908296605449,0.0,-0.0361152792931014,-0.036386179325579165,1032,0.33679855100021966,0.05712479865874953,0.2,0.20000000000000004,0.2,0.03476806756009539,0.8682771728120091,0.9524824291836468,0.0,0.0,0.4,0.05632479865874953,0.055018874755265734
2020-03-31,2020-04-30,development,2020-03-31,0.018888873831226886,0.1,0.1,0.030408142398933042,0.7686804244908171,0.0,0.018688873831226888,0.01840140592219309,1031,0.08732534582258579,-0.006994171959188783,0.2,0.20000000000000004,0.2,0.06838652078825683,0.8384996778359655,0.931145668610469,0.0,0.0,0.4,-0.007794171959188783,-0.00915686731758259
2020-04-30,2020-05-31,development,2020-04-30,0.006882966848133243,0.1,0.1,0.023377469641863328,0.7572254114519676,0.0,0.006682966848133244,0.006420170148593383,1038,0.05111795983733503,-0.00597331008284465,0.2,0.2,0.2,0.06059781010495567,0.817985502411302,0.9232387998192509,0.0,0.0,0.4,-0.006773310082844651,-0.008020156610962146
2020-05-31,2020-06-30,development,2020-05-31,0.049915996712358,0.1,0.1,0.02272975976783854,0.7499298392298827,0.0,0.049715996712358004,0.049462586870151315,1031,0.0185690353481899,-0.014451032425041997,0.19999999999999998,0.2,0.2,0.04311059034368682,0.8257793970884106,0.9331289712614562,0.0,0.0,0.4,-0.015251032425041998,-0.01643877106962259
2020-06-30,2020-07-31,development,2020-06-30,0.10924816480347371,0.1,0.1,0.021778424423972157,0.7464922700085395,0.0,0.10904816480347371,0.10879939682767496,1045,0.16757324207925217,-0.013583272455596124,0.2,0.20000000000000004,0.2,0.059545884862697185,0.8126736406251893,0.9292912713363051,0.0,0.0,0.4,-0.014383272455596124,-0.015603878380142981
2020-07-31,2020-08-31,development,2020-07-31,0.028231640817776526,0.1,0.1,0.010212435177512896,0.7692217132858742,0.0,0.028031640817776527,0.027786008193032827,1065,0.2333534758496938,0.02226595338752154,0.19999999999999998,0.2,0.2,0.021082223950164295,0.8600948598688134,0.9419926349299071,0.0,0.0,0.4,0.021465953387521542,0.02031012660574134
2020-08-31,2020-09-30,development,2020-08-31,-0.056034031086137075,0.1,0.1,0.015564366450371745,0.7754189432645878,0.0,-0.05623403108613707,-0.05647981973532409,1081,0.07495124733441125,0.02274347336741115,0.2,0.2,0.2,0.03899356010781573,0.8654589984537565,0.9449119455704165,0.0,0.0,0.4,0.02194347336741115,0.020807180960647514
2020-09-30,2020-10-31,development,2020-09-30,-0.003953407193505279,0.1,0.1,0.028503339058256496,0.7524542679210042,0.0,-0.004153407193505278,-0.0044058049077694995,1059,-0.023088442232150515,0.010326443611651595,0.2,0.2,0.2,0.05421663540044773,0.8508441260491457,0.9413605296749475,0.0,0.0,0.4,0.009526443611651595,0.008365928987280516
2020-10-31,2020-11-30,development,2020-10-31,0.027112659325699905,0.1,0.1,0.01683627987377054,0.7571889205913592,0.0,0.026912659325699907,0.026659580379569888,1106,0.21090191217428175,0.028945774727279876,0.2,0.19999999999999998,0.2,0.01746012215294768,0.8856741803151862,0.9539449401403969,0.0,0.0,0.4,0.028145774727279877,0.026972947304340484
2020-11-30,2020-12-31,development,2020-11-30,-0.024744061413954223,0.1,0.1,0.021760348382976774,0.7520897514489561,0.0,-0.02494406141395422,-0.0251945687969153,1128,0.029351395563307018,-0.021063415837652692,0.20000000000000004,0.2,0.2,0.040342711485306604,0.8716437622759333,0.9594226115863078,0.0,0.0,0.4,-0.02186341583765269,-0.023012957805147706
2020-12-31,2021-01-31,development,2020-12-31,-0.04189838726219333,0.1,0.1,0.020565472394926496,0.7492145334895907,0.0,-0.04209838726219333,-0.04235083950776246,1148,0.10098184655271385,0.04874542305572996,0.2,0.2,0.2,0.023860929132135167,0.8888217459674679,0.9653919533346341,0.0,0.0,0.4,0.047945423055729956,0.04678500749646933
2021-01-31,2021-02-28,development,2021-01-31,0.03613535050572798,0.1,0.1,0.009487007289025835,0.7703712591092173,0.0,0.03593535050572798,0.035674065234446314,1197,0.25867291928956887,0.055886862740094016,0.2,0.2,0.2,0.022413072721736333,0.8976082727084455,0.9737651493366919,0.0,0.0,0.4,0.055086862740094014,0.05386230004581012
2021-02-28,2021-03-31,development,2021-02-28,0.01514546207640233,0.1,0.1,0.017617943618705282,0.772407416142741,0.0,0.01494546207640233,0.014675683760612214,1210,0.24304028106119116,0.04579162698002579,0.19999999999999998,0.2,0.2,0.028316206181013683,0.8988987816120836,0.9738934013385393,0.0,0.0,0.4,0.04499162698002579,0.04372691195618125
2021-03-31,2021-04-30,development,2021-03-31,-0.00565689102114117,0.1,0.1,0.025300723711002743,0.756728823086042,0.0,-0.00585689102114117,-0.006125593604747636,1221,0.13840767219039848,0.004647266226848842,0.2,0.20000000000000004,0.2,0.03394078344008774,0.8858221518877918,0.9756407748858925,0.0,0.0,0.4,0.0038472662268488425,0.0026301389500820553
2021-04-30,2021-05-31,development,2021-04-30,0.032726099825455365,0.1,0.1,0.03028798231308585,0.7313794968048029,0.0,0.03252609982545537,0.03226784584829817,1222,-0.1893034151639113,-0.04730274603364611,0.20000000004562934,0.19999999999999998,0.2,0.06802509806717455,0.8507987034325429,0.9440915396128342,0.0,0.0,0.4000000000456293,-0.04810274603373737,-0.04930436217119564
2021-05-31,2021-06-30,development,2021-05-31,0.007522647966338414,0.10000000000000002,0.1,0.032695776022640816,0.7057731400986417,0.0,0.0073226479663384145,0.0070603839676667175,1202,0.025984033863683,0.0008432017610778904,0.2,0.19999999999999998,0.2,0.07429784806015016,0.7989753607614065,0.9361569326094187,0.0,0.0,0.4,4.320176107789036e-05,-0.001192223759570297
2021-06-30,2021-07-31,development,2021-06-30,-0.007386718345256702,0.09999999999999999,0.1,0.026631621548435572,0.6983173617928632,0.0,-0.007586718345256702,-0.007833685490209174,1175,-0.03216471742346492,-0.033125452218620524,0.20000000028504228,0.2,0.2,0.0547624683730466,0.7866971337050933,0.9419935584642674,0.0,0.0,0.4000000002850423,-0.03392545221919061,-0.0350829815211823
2021-07-31,2021-08-31,development,2021-07-31,0.0550607369964715,0.09999999999999999,0.1,0.012711796620524088,0.7229608180074341,0.0,0.0548607369964715,0.05461440545919323,1190,0.11639137002061956,0.012878721207318838,0.20000000003758872,0.2,0.2,0.03472628043691772,0.8429654050827092,0.9323045885634537,0.0,0.0,0.40000000003758873,0.01207872120724366,0.010912859059145207
2021-08-31,2021-09-30,development,2021-08-31,0.0013754990475579832,0.10000000000000002,0.1,0.015157832688879219,0.7404420321627676,0.0,0.0011754990475579831,0.0009270951348295899,1209,0.2677985881328343,0.04959483258810461,0.20000000003955373,0.20000000004047358,0.2,0.040341207020560384,0.8489838839904904,0.9398220669183985,0.0,0.0,0.40000000008002734,0.04879483258794456,0.047634027625715364
2021-09-30,2021-10-31,development,2021-09-30,-0.01690621724177236,0.1,0.1,0.016391279087530172,0.7512569652591957,0.0,-0.01710621724177236,-0.01735900803661753,1211,0.060668385890150105,0.003740544782159686,0.2,0.2,0.2,0.017360181574562678,0.8864654158449856,0.9518380545246642,0.0,0.0,0.4,0.002940544782159686,0.0017924563087640599
2021-10-31,2021-11-30,development,2021-10-31,0.05450593696687899,0.1,0.1,0.015859145103330016,0.7582407614500437,0.0,0.05430593696687899,0.054052377821530634,1281,0.03224013076828821,-0.03560814246884767,0.2,0.2000000000862322,0.2,0.026943616777428764,0.8950787231366973,0.956776470823889,0.0,0.0,0.4000000000862322,-0.03640814246902013,-0.03764395429828578
2021-11-30,2021-12-31,development,2021-11-30,0.0410161430059606,0.1,0.1,0.025343386480710828,0.7459566036498531,0.0,0.0408161430059606,0.04056636792935711,1274,0.32744401107900495,0.0461197301658748,0.20000000003659887,0.2000000000462752,0.2,0.06712788692868632,0.8403186133246808,0.9542001192144743,0.0,0.0,0.40000000008287406,0.045319730165709046,0.044111340107825595
2021-12-31,2022-01-31,development,2021-12-31,-0.05865778171475534,0.09999999999999999,0.1,0.017274758303371378,0.7523882470660125,0.0,-0.058857781714755336,-0.05909735855958895,1312,0.2734667694966422,0.07289449792350938,0.20000000004251023,0.20000000004570978,0.2,0.056969562639442924,0.8370953491465722,0.9376843216746937,0.0,0.0,0.40000000008822,0.07209449792333295,0.07093266694155595
2022-01-31,2022-02-28,selection,2022-01-31,0.028472690495754426,0.1,0.1,0.012800708963833247,0.7651813304585393,0.0,0.028272690495754427,0.028029625744416597,1361,0.02398889124890551,-0.0145963547576239,0.2,0.2,0.2,0.03119300150051403,0.8606663116719834,0.9305029606501806,0.0,0.0,0.4,-0.0153963547576239,-0.016564213579417886
2022-02-28,2022-03-31,selection,2022-02-28,-0.03660023101432349,0.1,0.1,0.015031713172161374,0.7743363578993024,0.0,-0.03680023101432349,-0.03704482216139132,1382,-0.00804144726089811,-0.0024086131573776287,0.20000000013279096,0.2,0.2,0.03169226936001546,0.8776203668786826,0.9292389944358378,0.0,0.0,0.40000000013279097,-0.0032086131576432105,-0.004398768168352894
2022-03-31,2022-04-30,selection,2022-03-31,-0.08117395070073755,0.09999999999999999,0.1,0.019316184790566092,0.7726274247397444,0.0,-0.08137395070073755,-0.08162877245140422,1397,0.3149357038522108,0.08960563116460309,0.20000000007841182,0.20000000007313073,0.2,0.0281309405268726,0.886675333928892,0.9414009732510679,0.0,0.0,0.4000000001515426,0.0888056311643,0.08760828849285396
2022-04-30,2022-05-31,selection,2022-04-30,0.0638674816023854,0.1,0.1,0.015500949347690533,0.777278006247525,0.0,0.06366748160238539,0.06339494820501024,1442,0.06793560033521273,-0.02049327496592787,0.20000000021012707,0.2000000000364496,0.2,0.033207211161843594,0.9000071331538956,0.9331017687318253,0.0,0.0,0.40000000024657667,-0.021293274966421024,-0.02260589956233455
2022-05-31,2022-06-30,selection,2022-05-31,0.0418683902567066,0.10000000000000002,0.1,0.02228111235338274,0.7684418051117895,0.0,0.0416683902567066,0.0414059949423106,1416,-0.0017387998564379619,-0.017291607068066928,0.2000000001212842,0.2,0.2,0.04488483174862508,0.8998986402888709,0.9150191292744891,0.0,0.0,0.4000000001212842,-0.018091607068309496,-0.01929409740060605
2022-06-30,2022-07-31,selection,2022-06-30,0.0057725221098785945,0.09999999999999999,0.1,0.015131460424066405,0.7775436697479804,0.0,0.005572522109878595,0.0053328485374412584,1427,0.07272978710687027,-0.00905982847087137,0.20000000016384886,0.2000000002048025,0.2,0.0410476563159862,0.8798000790897388,0.9274518014199666,0.0,0.0,0.40000000036865135,-0.009859828471608673,-0.011009840513269031
2022-07-31,2022-08-31,selection,2022-07-31,-0.0069872553729426945,0.1,0.1,0.02012074595857584,0.7741604775621092,0.0,-0.007187255372942694,-0.007426347121337004,1426,0.3224663489124515,0.039396785307166504,0.2000000002170022,0.20000000022326983,0.2,0.048431659527097264,0.8594768295849194,0.9363153150436051,0.0,0.0,0.40000000044027206,0.03859678530628596,0.03746700285097316
2022-08-31,2022-09-30,selection,2022-08-31,-0.05661021975555004,0.1,0.1,0.027408580822879385,0.7540707195122996,0.0,-0.05681021975555004,-0.05705537995623009,1430,0.20280459443461316,0.042098438502914566,0.2000000000818477,0.20000000008266225,0.2,0.057200403406067454,0.8308971133732298,0.9356267091988272,0.0,0.0,0.40000000016451,0.04129843850258555,0.04014475677929387
2022-09-30,2022-10-31,selection,2022-09-30,0.011495498039346977,0.1,0.1,0.016242510742010104,0.759181829358953,0.0,0.011295498039346976,0.011045743887497267,1489,0.07509274550703046,0.0030237925116919874,0.20000000025544856,0.2000000001670809,0.2,0.023014168071809588,0.854066729177651,0.9434813636573759,0.0,0.0,0.4000000004225295,0.0022237925108469286,0.0010541448512247234
2022-10-31,2022-11-30,selection,2022-10-31,0.06477901389665443,0.09999999999999999,0.1,0.01945588654850226,0.7587783057739058,0.0,0.06457901389665442,0.06432595434934991,1501,0.18638158260623172,-0.008681680178266399,0.20000000030688617,0.20000000007627752,0.2,0.04942307217293315,0.8370588948379454,0.9438289568379827,0.0,0.0,0.4000000003831637,-0.009481680179032725,-0.010726603256563973
2022-11-30,2022-12-31,selection,2022-11-30,-0.021661463494252162,0.09999999999999999,0.1,0.019199734397464276,0.7595496985416583,0.0,-0.02186146349425216,-0.022105295370746663,1513,0.17522819997342257,0.017965270127735442,0.2000000003114996,0.2000000003100871,0.2,0.045211661876624204,0.8187490106639038,0.9547417879047531,0.0,0.0,0.4000000006215867,0.017165270126492268,0.016031027330410362
2022-12-31,2023-01-31,selection,2022-12-31,0.052309431353109136,0.1,0.1,0.01182205580353036,0.7745106545623575,0.0,0.05210943135310914,0.051870876768953425,1571,0.11622951222044255,-0.002506322256259977,0.20000000024203812,0.20000000026843548,0.2,0.02322767028443344,0.8557000628446864,0.9558316308258578,0.0,0.0,0.4000000005104736,-0.003306322257280924,-0.004425977994986129
2023-01-31,2023-02-28,selection,2023-01-31,0.032806234066245714,0.1,0.1,0.015014240526213907,0.7823530801569764,0.0,0.032606234066245715,0.03237445456768198,1578,0.27281464515875464,0.0298173867580234,0.20000000019668449,0.20000000030962434,0.2,0.023739844748296175,0.8745670688882554,0.9638743484953877,0.0,0.0,0.4000000005063088,0.02901738675701078,0.027938113964852886
2023-02-28,2023-03-31,selection,2023-02-28,0.005845172953456714,0.10000000000000002,0.1,0.015770083794107555,0.7881112037912767,0.0,0.005645172953456714,0.005416648419426936,1591,0.1619141124141428,0.026830001244190483,0.20000000019084185,0.20000000008955804,0.2,0.034335552489743626,0.8697570341235581,0.9670558290176824,0.0,0.0,0.4000000002803999,0.026030001243629683,0.02497748199107282
2023-03-31,2023-04-30,selection,2023-03-31,0.002773194987397569,0.1,0.1,0.012661388120977168,0.7949851003972978,0.0,0.002573194987397569,0.0023412927158481716,1657,0.10314002108729524,0.05128827951344061,0.20000000021333905,0.2000000002666596,0.2,0.030113733996448618,0.8808052471907525,0.958370379212317,0.0,0.0,0.4000000004799986,0.05048827951248061,0.04940373878024419
2023-04-30,2023-05-31,selection,2023-04-30,-0.007681162658528379,0.1,0.1,0.008750044420424648,0.8097282646677877,0.0,-0.007881162658528378,-0.008121770303883141,1733,0.12973336951804024,-0.0002784973292899451,0.20000000024302642,0.2000000001391852,0.2,0.030349554987045245,0.9033600953498824,0.9360298732095857,0.0,0.0,0.4000000003822116,-0.0010784973300543683,-0.00219964821336324
2023-05-31,2023-06-30,selection,2023-05-31,0.01194480005506277,0.09999999999999999,0.1,0.020034326678241447,0.8000854018174616,0.0,0.01174480005506277,0.011505210367114549,1724,0.029583933426620378,-0.0005393731550913643,0.2000000003060514,0.2000000000853648,0.2,0.06895572799097675,0.8759891351504419,0.9013076392506102,0.0,0.0,0.4000000003914162,-0.0013393731558741968,-0.0025202104086628303
2023-06-30,2023-07-31,selection,2023-06-30,0.021843208255874248,0.09999999999999999,0.1,0.016180526166042906,0.80280087586986,0.0,0.02164320825587425,0.021406693925004563,1719,0.32157313903429197,0.04426967783938558,0.20000000016540428,0.20000000018393488,0.2,0.028632765400068216,0.8882227643316045,0.9164211059336094,0.0,0.0,0.40000000034933914,0.0434696778386869,0.04236971160625417
2023-07-31,2023-08-31,selection,2023-07-31,-0.03765639557162457,0.10000000000000002,0.1,0.028952931529412793,0.7777290739748075,0.0,-0.03785639557162457,-0.03809796423736062,1683,0.09058764521685268,0.005407809856456829,0.20000000017740568,0.20000000008430732,0.2,0.048073558187034904,0.8635213291082036,0.924110057144079,0.0,0.0,0.400000000261713,0.004607809855933402,0.003493708719654968
2023-08-31,2023-09-30,selection,2023-08-31,0.002937846675445876,0.1,0.1,0.018660855947239995,0.777519630745775,0.0006258337557210159,0.002737846675445876,0.002498013401768738,1683,0.20109632737395403,0.019083545353673424,0.20000000004549262,0.2000000002491905,0.2,0.027642040410719642,0.8790183496617284,0.93030426978319,0.0002186698312851781,0.0,0.40000000029468313,0.018283545353084057,0.017169244093316643
2023-09-30,2023-10-31,selection,2023-09-30,-0.014318324212835248,0.1,0.1,0.012725996681576904,0.7915922385474244,0.0,-0.014518324212835249,-0.014750960365448974,1693,-0.031255815313690684,-0.008091071961084894,0.2000000001640327,0.20000000026471845,0.2,0.02821115622411888,0.8934774321647506,0.9339356583127972,0.0,0.0,0.40000000042875117,-0.008891071961942396,-0.009975636821369704
2023-10-31,2023-11-30,selection,2023-10-31,0.019377641244645052,0.1,0.1,0.011534472373789125,0.8051208158929078,0.0,0.019177641244645053,0.01893648500256315,1729,0.07174234715036709,-0.018916418145596164,0.2000000002478299,0.20000000040901136,0.2,0.03073264253128794,0.9086399943673678,0.929584478449138,0.0,0.0,0.40000000065684127,-0.01971641814690985,-0.020885998224857764
2023-11-30,2023-12-31,selection,2023-11-30,-0.016767484853968614,0.1,0.1,0.018870372017862624,0.8020679928574896,0.0,-0.016967484853968613,-0.017202709326572554,1703,0.1240683011146999,0.010186241605909802,0.2000000002198879,0.20000000029548848,0.2,0.047193903508883195,0.8853656591139611,0.9339282041307515,0.0,0.0,0.4000000005153764,0.00938624160487905,0.0082630046702628
2023-12-31,2024-01-31,selection,2023-12-31,-0.09150427131140737,0.1,0.1,0.021732314512853824,0.794547674151616,0.0,-0.09170427131140738,-0.0919378825537475,1685,0.38218639462289344,0.11589459286370489,0.200000000195834,0.2000000003481284,0.2,0.03561689305320892,0.8867081476030713,0.9366988061642038,0.0,0.0,0.4000000005439624,0.11509459286261696,0.11398949661342456
2024-01-31,2024-02-29,retrospective_test,2024-01-31,0.06195700084727974,0.09999999999999999,0.1,0.017241133684997436,0.7950952165050528,0.0,0.06175700084727974,0.06150540869489647,1731,-0.05459647749908898,-0.014945886520058398,0.20000000017977534,0.20000000029438897,0.2,0.039881175450315824,0.8778972071969288,0.938704263415424,0.0,0.0,0.4000000004741643,-0.015745886521006724,-0.016973079274794644
2024-02-29,2024-03-31,retrospective_test,2024-02-29,0.02895464239919194,0.10000000000000002,0.1,0.008689397362366059,0.8137911224993761,0.0,0.02875464239919194,0.028487101041727376,1762,0.15927118410746144,0.011138407588371636,0.20000000027869344,0.20000000004495666,0.2,0.030112629710990466,0.8939853363947515,0.9337031642652898,0.0,0.0,0.40000000032365013,0.010338407587724335,0.00896387486481104
2024-03-31,2024-04-30,retrospective_test,2024-03-31,0.01696996830740353,0.1,0.1,0.023266873136579533,0.8002533942243918,0.0,0.016769968307403533,0.01650669909042342,1749,0.3726821928074163,0.09075801544981042,0.20000000018996503,0.20000000037276308,0.2,0.0472853631274101,0.8623893021384788,0.9435634817639107,0.0,0.0,0.4000000005627281,0.08995801544868497,0.08875236293741444
2024-04-30,2024-05-31,retrospective_test,2024-04-30,-0.0071835229885171496,0.1,0.1,0.01444541331450713,0.8061885139159377,0.0,-0.007383522988517149,-0.007632468867026846,1768,0.09204604531555889,0.0378457413365845,0.2000000001204458,0.20000000026437703,0.2,0.03423579860384177,0.8868519766395675,0.9268421730975253,0.0,0.0,0.40000000038482286,0.037045741335814855,0.03581062118735631
2024-05-31,2024-06-30,retrospective_test,2024-05-31,-0.050722638604824954,0.1,0.1,0.01943513448088619,0.8012682593579126,0.0,-0.05092263860482495,-0.051173217158290894,1750,0.1124662372495726,0.024326382310275563,0.20000000017878458,0.20000000017764394,0.2,0.045829522872124606,0.895529925994246,0.9025361672824844,0.0,0.0,0.4000000003564285,0.023526382309562707,0.02233784665120988
2024-06-30,2024-07-31,retrospective_test,2024-06-30,-0.0019471574749954188,0.10000000000000002,0.1,0.0166445182654907,0.8023715470666352,0.0,-0.0021471574749954187,-0.0023967609901787853,1778,0.0879600724038827,-0.006631936369431384,0.2000000000898701,0.2000000002826576,0.2,0.03815361631830149,0.8841559338978527,0.9209085183055438,0.0,0.00188125993775658,0.4000000003725277,-0.007431936370176439,-0.008659397351590947
2024-07-31,2024-08-31,retrospective_test,2024-07-31,-0.026641637107314216,0.1,0.1,0.019035001609071657,0.7991688555464671,3.215953153524545e-07,-0.026841637107314215,-0.027099301411132343,1788,0.22571959098562563,0.027923635348365908,0.20000000029196485,0.2000000000439507,0.2,0.04529619230822555,0.8850454231358489,0.9154664625935163,4.759683580352454e-07,0.0006819560948676633,0.40000000033591554,0.027123635347694075,0.025819197636199144
2024-08-31,2024-09-30,retrospective_test,2024-08-31,0.16872848671622598,0.1,0.1,0.02131543743986346,0.791266801303194,0.0,0.16852848671622597,0.16827233209112222,1785,-0.0883635502369069,-0.07371824010608538,0.2000000002561566,0.20000000027224948,0.2,0.04047612389908769,0.8733941259505008,0.925182929052899,0.0,0.0,0.4000000005284061,-0.0745182401071422,-0.07576444568444037
2024-09-30,2024-10-31,retrospective_test,2024-09-30,0.014541344848415438,0.1,0.1,0.011427833051943044,0.8045929279275889,0.0,0.014341344848415438,0.014083886970989942,1813,-0.23782510488944703,-0.1321700556643765,0.20000000036695353,0.20000000033004603,0.2,0.022456659079048875,0.8927023825450334,0.9330435667481602,0.0,0.0,0.4000000006969996,-0.1329700556657705,-0.13427542418685895
2024-10-31,2024-11-30,retrospective_test,2024-10-31,0.028948029629957014,0.10000000000000002,0.1,0.027059503387989185,0.7856563093708593,0.0,0.028748029629957015,0.02848279833194526,1773,0.17690823711567524,0.014005109059149368,0.20000000028691317,0.20000000016416417,0.2,0.04413244175296269,0.8744487854557217,0.9437091517029741,0.0,0.0,0.4000000004510773,0.013205109058247212,0.011978600222530883
2024-11-30,2024-12-31,retrospective_test,2024-11-30,-0.0049264571543486116,0.1,0.1,0.023937463865730427,0.7755915420341668,0.0,-0.005126457154348611,-0.005371135055859093,1736,0.4198658247880755,0.07840138947680762,0.2000000001999613,0.20000000034444315,0.2,0.054069516513318566,0.8581245949501182,0.9364044737370758,0.0,0.0,0.40000000054440443,0.07760138947571882,0.07643689648036263
2024-12-31,2025-01-31,retrospective_test,2024-12-31,-0.014483942964558015,0.1,0.1,0.011901649168125852,0.7923679868622778,0.0,-0.014683942964558015,-0.014914776497781716,1752,0.14070657086904945,0.029579520218888555,0.20000000014554872,0.20000000016207667,0.2,0.02684736742880746,0.8819295724812168,0.9451804147608063,0.0,0.0,0.4000000003076254,0.028779520218273305,0.02769896408412156
2025-01-31,2025-02-28,retrospective_test,2025-01-31,0.02968902284140778,0.10000000000000002,0.1,0.009991001339336189,0.8096312170404923,0.0,0.02948902284140778,0.029252190948863162,1784,-0.17445338726182466,-0.07468328976166935,0.20000000025023745,0.20000000049615546,0.2,0.022956280191152124,0.8994355772905953,0.9536143107069499,0.0,0.0,0.4000000007463929,-0.07548328976316214,-0.07662845452701592
2025-02-28,2025-03-31,retrospective_test,2025-02-28,0.01388922815526588,0.1,0.1,0.024426230713195093,0.7942016560561627,0.0,0.01368922815526588,0.013449936902190695,1787,0.373437380141692,0.05741549890066618,0.20000000013122457,0.2000000005312536,0.2,0.06216883889966665,0.8490346406901895,0.9571574033389982,0.0,0.0,0.4000000006624782,0.05661549889934123,0.055482528290131436
2025-03-31,2025-04-30,retrospective_test,2025-03-31,-0.030388390328008153,0.09999999999999999,0.1,0.02258142178271482,0.7849148700842462,0.0,-0.030588390328008152,-0.030818915001613947,1767,0.02389930613443824,0.013557058852157852,0.20000000036667162,0.20000000072462518,0.2,0.06650794598715572,0.8301892071733106,0.9342470157307186,0.0,0.0008381846368126241,0.4000000010912968,0.012757058849975259,0.01165838878010039
2025-04-30,2025-05-31,retrospective_test,2025-04-30,0.022889512434012257,0.10000000000000003,0.1,0.019650714315246294,0.7800231230121432,0.0,0.02268951243401226,0.022441480238968085,1798,0.0723556435751066,-0.0018893332854721043,0.20000000021534772,0.20000000034077425,0.2,0.05250119718728043,0.8425424745838951,0.9103590943801774,0.0,0.0,0.40000000055612195,-0.002689333286584348,-0.0039156860339227585
2025-05-31,2025-06-30,retrospective_test,2025-05-31,0.030392564044394596,0.10000000000000002,0.1,0.04296694001940628,0.7261599349429514,0.0,0.030192564044394597,0.029928211663121942,1731,0.037444316044165045,-0.0317149333313637,0.2000000002002592,0.20000000025788606,0.2,0.05490443134619478,0.8207052552449051,0.919860438845582,0.0,0.0,0.40000000045814527,-0.03251493333227999,-0.03360304279502984
2025-06-30,2025-07-31,retrospective_test,2025-06-30,0.03500862394937802,0.1,0.1,0.02526460084441882,0.7191831493267453,0.0,0.034808623949378024,0.03458011379143711,1727,0.20067310099068744,0.012047025822199044,0.20000000030658274,0.20000000024770037,0.2,0.04485070267428371,0.8192587589613527,0.934335315273964,0.0,0.0,0.4000000005542831,0.011247025821090478,0.01020577342343099
2025-07-31,2025-08-31,retrospective_test,2025-07-31,0.0541083220340684,0.1,0.1,0.019397133028200113,0.7238686369711449,0.0,0.0539083220340684,0.053683701936355556,1790,0.02039705729678275,-0.06083510070583191,0.20000000039382235,0.20000000017623018,0.2,0.045409410862430805,0.8140273038307926,0.9403259130437976,0.0,0.0,0.4000000005700525,-0.061635100706972014,-0.06264134563699114
2025-08-31,2025-09-30,retrospective_test,2025-08-31,0.0025231765786641125,0.1,0.1,0.01609683643101576,0.7338338210321829,0.0,0.0023231765786641124,0.002101342350724042,1851,0.08626916040150227,0.022748909523659773,0.20000000036092955,0.20000000081455735,0.2,0.03362348119547014,0.8353240055353056,0.9466984135239971,0.0,0.0,0.4000000011754869,0.0219489095213088,0.020954167850331464
2025-09-30,2025-10-31,retrospective_test,2025-09-30,0.013015397195636482,0.1,0.1,0.02155213100672607,0.7286947791422697,0.0,0.012815397195636482,0.012589144826666347,1896,0.25504400217171125,0.006218896822137223,0.20000000030116588,0.20000000044472885,0.2,0.0412497079486031,0.8397928841482201,0.9473467806369397,0.0,0.0,0.4000000007458947,0.005418896820645433,0.00441716230000979
2025-10-31,2025-11-30,retrospective_test,2025-10-31,-0.009351338067176355,0.1,0.1,0.023783995259696596,0.7200398373102959,0.0,-0.009551338067176356,-0.009779619289825856,1913,0.12112803256609549,0.01834188510299872,0.20000000030174225,0.20000000043578012,0.2,0.037641334169889844,0.8385035652311917,0.9536442282424479,0.0,0.0,0.4000000007375224,0.017541885101523675,0.016515441939652282
2025-11-30,2025-12-31,retrospective_test,2025-11-30,0.019350442181966066,0.1,0.1,0.02241129669451753,0.715938795039957,0.0,0.019150442181966067,0.018921279268498487,1925,0.12234207655376922,-0.0046735234087913625,0.20000000031347204,0.20000000025808193,0.2,0.04459243997553127,0.8236411266272883,0.9586971526069606,0.0,0.0,0.40000000057155394,-0.00547352340993447,-0.006507493794447664
