signal_month,realization_month,period,decile,return,stocks
2018-01-31,2018-02-28,development,1,-0.044881912002633834,206
2018-01-31,2018-02-28,development,2,-0.0456406271373612,242
2018-01-31,2018-02-28,development,3,-0.05207803684618051,239
2018-01-31,2018-02-28,development,4,-0.03565748806515608,239
2018-01-31,2018-02-28,development,5,-0.05250244990751465,259
2018-01-31,2018-02-28,development,6,-0.04921795654836514,223
2018-01-31,2018-02-28,development,7,-0.032635853089611006,234
2018-01-31,2018-02-28,development,8,-0.038887700136836664,244
2018-01-31,2018-02-28,development,9,-0.0523742919673709,237
2018-01-31,2018-02-28,development,10,-0.03915055828670111,278
2018-02-28,2018-03-31,development,1,0.06068980920730163,197
2018-02-28,2018-03-31,development,2,0.04210686919862886,226
2018-02-28,2018-03-31,development,3,0.038549954016704586,221
2018-02-28,2018-03-31,development,4,0.05839135131588604,235
2018-02-28,2018-03-31,development,5,0.034814828690997404,238
2018-02-28,2018-03-31,development,6,0.043254429967239494,217
2018-02-28,2018-03-31,development,7,0.04663404317479915,227
2018-02-28,2018-03-31,development,8,0.045144961057588855,229
2018-02-28,2018-03-31,development,9,0.030023232927214275,218
2018-02-28,2018-03-31,development,10,0.039285044558049764,269
2018-03-31,2018-04-30,development,1,-0.07362707343771903,207
2018-03-31,2018-04-30,development,2,-0.04708906213834929,242
2018-03-31,2018-04-30,development,3,-0.04443159360261031,235
2018-03-31,2018-04-30,development,4,-0.04732168716546436,247
2018-03-31,2018-04-30,development,5,-0.04317329108130676,251
2018-03-31,2018-04-30,development,6,-0.041523041496981536,227
2018-03-31,2018-04-30,development,7,-0.027078157511830892,236
2018-03-31,2018-04-30,development,8,-0.04210860706458702,246
2018-03-31,2018-04-30,development,9,-0.04205824462559976,231
2018-03-31,2018-04-30,development,10,-0.030563579192684032,284
2018-04-30,2018-05-31,development,1,-0.03308910447206358,210
2018-04-30,2018-05-31,development,2,-0.010435613106724957,241
2018-04-30,2018-05-31,development,3,-0.01024320159773994,242
2018-04-30,2018-05-31,development,4,-0.004558973010647542,247
2018-04-30,2018-05-31,development,5,-0.009626569077639884,260
2018-04-30,2018-05-31,development,6,-0.0031580693598959575,223
2018-04-30,2018-05-31,development,7,0.0005071529222404769,243
2018-04-30,2018-05-31,development,8,-0.008091805531559606,246
2018-04-30,2018-05-31,development,9,-0.004271694192124665,237
2018-04-30,2018-05-31,development,10,-0.006380688135910386,285
2018-05-31,2018-06-30,development,1,-0.0981920483716432,220
2018-05-31,2018-06-30,development,2,-0.0978073066113282,254
2018-05-31,2018-06-30,development,3,-0.10901613366200938,245
2018-05-31,2018-06-30,development,4,-0.10880548512320153,255
2018-05-31,2018-06-30,development,5,-0.11608520571325165,259
2018-05-31,2018-06-30,development,6,-0.11080192509781961,243
2018-05-31,2018-06-30,development,7,-0.10817352279689159,243
2018-05-31,2018-06-30,development,8,-0.10184309051585654,257
2018-05-31,2018-06-30,development,9,-0.1079083702014365,242
2018-05-31,2018-06-30,development,10,-0.1074887659264247,292
2018-06-30,2018-07-31,development,1,-0.07398464775532601,220
2018-06-30,2018-07-31,development,2,-0.026136325013539748,256
2018-06-30,2018-07-31,development,3,-0.015571448110611957,252
2018-06-30,2018-07-31,development,4,-0.005612741018679862,254
2018-06-30,2018-07-31,development,5,0.005317492270949023,268
2018-06-30,2018-07-31,development,6,0.011859057223260161,243
2018-06-30,2018-07-31,development,7,0.001428689722100367,247
2018-06-30,2018-07-31,development,8,0.010295020794519473,259
2018-06-30,2018-07-31,development,9,0.017441226611662274,249
2018-06-30,2018-07-31,development,10,0.020330832042983,294
2018-07-31,2018-08-31,development,1,-0.09883454541012886,226
2018-07-31,2018-08-31,development,2,-0.10223750378559986,259
2018-07-31,2018-08-31,development,3,-0.09236269842428596,261
2018-07-31,2018-08-31,development,4,-0.07902307080860102,258
2018-07-31,2018-08-31,development,5,-0.09223016572147293,276
2018-07-31,2018-08-31,development,6,-0.08386507605622949,246
2018-07-31,2018-08-31,development,7,-0.0885628396863207,253
2018-07-31,2018-08-31,development,8,-0.07498948637122137,266
2018-07-31,2018-08-31,development,9,-0.07850715356364255,254
2018-07-31,2018-08-31,development,10,-0.06744771347939904,298
2018-08-31,2018-09-30,development,1,-0.021767833555210815,229
2018-08-31,2018-09-30,development,2,-0.012277246915670486,267
2018-08-31,2018-09-30,development,3,-0.002224920561203584,259
2018-08-31,2018-09-30,development,4,-0.0004919048509712872,264
2018-08-31,2018-09-30,development,5,-0.0003830812775348471,274
2018-08-31,2018-09-30,development,6,-0.005002988930522894,254
2018-08-31,2018-09-30,development,7,0.00015204786005199077,256
2018-08-31,2018-09-30,development,8,0.00698337033155221,267
2018-08-31,2018-09-30,development,9,-0.007870729024281445,259
2018-08-31,2018-09-30,development,10,-0.002292778329066291,303
2018-09-30,2018-10-31,development,1,-0.11475957038507897,231
2018-09-30,2018-10-31,development,2,-0.11397754123142438,270
2018-09-30,2018-10-31,development,3,-0.09906279471615494,262
2018-09-30,2018-10-31,development,4,-0.09796134068385236,270
2018-09-30,2018-10-31,development,5,-0.09015220466159152,275
2018-09-30,2018-10-31,development,6,-0.09075196100220205,258
2018-09-30,2018-10-31,development,7,-0.1053992175912936,257
2018-09-30,2018-10-31,development,8,-0.09510438400301845,275
2018-09-30,2018-10-31,development,9,-0.08915508067790898,257
2018-09-30,2018-10-31,development,10,-0.09305318414417948,307
2018-10-31,2018-11-30,development,1,0.0249272754672786,234
2018-10-31,2018-11-30,development,2,0.03736753108181044,275
2018-10-31,2018-11-30,development,3,0.05078056426947821,260
2018-10-31,2018-11-30,development,4,0.055000112198348675,274
2018-10-31,2018-11-30,development,5,0.04875572326711915,280
2018-10-31,2018-11-30,development,6,0.06027727634043865,254
2018-10-31,2018-11-30,development,7,0.06038703725271164,266
2018-10-31,2018-11-30,development,8,0.05965582212546451,268
2018-10-31,2018-11-30,development,9,0.05726328554861309,267
2018-10-31,2018-11-30,development,10,0.057628872136284065,310
2018-11-30,2018-12-31,development,1,-0.059112848829033914,238
2018-11-30,2018-12-31,development,2,-0.05112659209801467,279
2018-11-30,2018-12-31,development,3,-0.04792313647712897,264
2018-11-30,2018-12-31,development,4,-0.04132898143699954,278
2018-11-30,2018-12-31,development,5,-0.04873665909118628,278
2018-11-30,2018-12-31,development,6,-0.04426015133221063,268
2018-11-30,2018-12-31,development,7,-0.04086964284448897,265
2018-11-30,2018-12-31,development,8,-0.04189051018250026,277
2018-11-30,2018-12-31,development,9,-0.033909548022261024,266
2018-11-30,2018-12-31,development,10,-0.03433943843730196,310
2018-12-31,2019-01-31,development,1,-0.08710991052459184,242
2018-12-31,2019-01-31,development,2,-0.05155710488994557,277
2018-12-31,2019-01-31,development,3,-0.044197065912105864,263
2018-12-31,2019-01-31,development,4,-0.0360270740903922,282
2018-12-31,2019-01-31,development,5,-0.013514618943934556,283
2018-12-31,2019-01-31,development,6,-0.010116227981630904,260
2018-12-31,2019-01-31,development,7,-0.009794456730863946,273
2018-12-31,2019-01-31,development,8,-0.00046995000036411766,272
2018-12-31,2019-01-31,development,9,-0.0034964810811239817,268
2018-12-31,2019-01-31,development,10,0.0006268839388485144,316
2019-01-31,2019-02-28,development,1,0.2722019895724042,241
2019-01-31,2019-02-28,development,2,0.2511138298321655,282
2019-01-31,2019-02-28,development,3,0.24581601855438812,264
2019-01-31,2019-02-28,development,4,0.24270155488597406,282
2019-01-31,2019-02-28,development,5,0.23451140376199328,285
2019-01-31,2019-02-28,development,6,0.22930413432331884,266
2019-01-31,2019-02-28,development,7,0.22713125294383496,270
2019-01-31,2019-02-28,development,8,0.21923468112599262,276
2019-01-31,2019-02-28,development,9,0.21857979743814118,270
2019-01-31,2019-02-28,development,10,0.194262809462579,315
2019-02-28,2019-03-31,development,1,0.08440926551528495,244
2019-02-28,2019-03-31,development,2,0.10179732333270884,282
2019-02-28,2019-03-31,development,3,0.10246746538916646,263
2019-02-28,2019-03-31,development,4,0.10081317675236089,286
2019-02-28,2019-03-31,development,5,0.10629020119905468,279
2019-02-28,2019-03-31,development,6,0.1049160287126698,270
2019-02-28,2019-03-31,development,7,0.10248610024904153,271
2019-02-28,2019-03-31,development,8,0.11090389137585857,278
2019-02-28,2019-03-31,development,9,0.10307839641732651,267
2019-02-28,2019-03-31,development,10,0.10456379374678676,319
2019-03-31,2019-04-30,development,1,-0.07667556113345504,244
2019-03-31,2019-04-30,development,2,-0.07151454639145433,278
2019-03-31,2019-04-30,development,3,-0.06509959646585314,273
2019-03-31,2019-04-30,development,4,-0.04861422514430447,281
2019-03-31,2019-04-30,development,5,-0.04814763403515817,283
2019-03-31,2019-04-30,development,6,-0.04337056824069403,268
2019-03-31,2019-04-30,development,7,-0.029081294282616913,272
2019-03-31,2019-04-30,development,8,-0.024566162366064077,282
2019-03-31,2019-04-30,development,9,-0.017145060460665027,269
2019-03-31,2019-04-30,development,10,-0.023815656353971443,315
2019-04-30,2019-05-31,development,1,-0.08456134605334974,241
2019-04-30,2019-05-31,development,2,-0.07031820466021224,277
2019-04-30,2019-05-31,development,3,-0.0531603609682848,267
2019-04-30,2019-05-31,development,4,-0.04222700606448577,282
2019-04-30,2019-05-31,development,5,-0.053322975308908775,285
2019-04-30,2019-05-31,development,6,-0.04725809750195902,259
2019-04-30,2019-05-31,development,7,-0.05574971668062402,273
2019-04-30,2019-05-31,development,8,-0.04641694264912673,276
2019-04-30,2019-05-31,development,9,-0.0486881229169317,268
2019-04-30,2019-05-31,development,10,-0.03656200493749049,317
2019-05-31,2019-06-30,development,1,-0.0485520390369139,242
2019-05-31,2019-06-30,development,2,-0.012936604179373846,279
2019-05-31,2019-06-30,development,3,-0.0017867027165664288,264
2019-05-31,2019-06-30,development,4,0.009750388720109658,282
2019-05-31,2019-06-30,development,5,0.016908201447832436,280
2019-05-31,2019-06-30,development,6,0.014145964785902637,265
2019-05-31,2019-06-30,development,7,0.016077996556368445,269
2019-05-31,2019-06-30,development,8,0.013688016237240367,277
2019-05-31,2019-06-30,development,9,0.014893085192615037,266
2019-05-31,2019-06-30,development,10,0.020438727058762117,313
2019-06-30,2019-07-31,development,1,-0.054783683686890204,245
2019-06-30,2019-07-31,development,2,-0.03353083947094929,277
2019-06-30,2019-07-31,development,3,-0.014732205312031125,272
2019-06-30,2019-07-31,development,4,-0.008954964458828544,275
2019-06-30,2019-07-31,development,5,-0.012462266366244923,285
2019-06-30,2019-07-31,development,6,-0.003890217692486619,269
2019-06-30,2019-07-31,development,7,-0.019123971340424706,264
2019-06-30,2019-07-31,development,8,-0.008650404403620958,283
2019-06-30,2019-07-31,development,9,-0.011458228214298032,266
2019-06-30,2019-07-31,development,10,-0.010860917219134339,318
2019-07-31,2019-08-31,development,1,0.02519817746516676,243
2019-07-31,2019-08-31,development,2,-0.01030107717642417,283
2019-07-31,2019-08-31,development,3,-0.0010677654425156186,266
2019-07-31,2019-08-31,development,4,-0.009593314671926104,285
2019-07-31,2019-08-31,development,5,-0.0019591745269243186,281
2019-07-31,2019-08-31,development,6,-0.010460725003855054,269
2019-07-31,2019-08-31,development,7,-0.0167851618395627,270
2019-07-31,2019-08-31,development,8,-0.017019542232813833,281
2019-07-31,2019-08-31,development,9,-0.02259609735413607,268
2019-07-31,2019-08-31,development,10,-0.01856690244174403,321
2019-08-31,2019-09-30,development,1,-0.01185497220408284,248
2019-08-31,2019-09-30,development,2,0.01648845626852646,281
2019-08-31,2019-09-30,development,3,0.013091447760345298,266
2019-08-31,2019-09-30,development,4,0.018638210776418397,288
2019-08-31,2019-09-30,development,5,0.012468723074452024,282
2019-08-31,2019-09-30,development,6,0.03182126525417231,270
2019-08-31,2019-09-30,development,7,0.01785286170069102,276
2019-08-31,2019-09-30,development,8,0.013810535603354853,278
2019-08-31,2019-09-30,development,9,0.015421391387524012,269
2019-08-31,2019-09-30,development,10,0.012165490069938804,322
2019-09-30,2019-10-31,development,1,-0.01785042719902907,246
2019-09-30,2019-10-31,development,2,-0.007862901000382084,281
2019-09-30,2019-10-31,development,3,-0.008306111253198157,273
2019-09-30,2019-10-31,development,4,-0.0017635440380872295,282
2019-09-30,2019-10-31,development,5,0.0007618513072560209,288
2019-09-30,2019-10-31,development,6,-0.005673634425780487,268
2019-09-30,2019-10-31,development,7,-0.008792264241116562,273
2019-09-30,2019-10-31,development,8,0.0030929300214140158,282
2019-09-30,2019-10-31,development,9,0.0031673812682990504,272
2019-09-30,2019-10-31,development,10,-0.00020362969251836325,323
2019-10-31,2019-11-30,development,1,-0.032869943419523755,246
2019-10-31,2019-11-30,development,2,-0.036324486678437025,282
2019-10-31,2019-11-30,development,3,-0.026779547241440813,271
2019-10-31,2019-11-30,development,4,-0.02003606279625023,288
2019-10-31,2019-11-30,development,5,-0.00985969746792388,291
2019-10-31,2019-11-30,development,6,-0.015532382902453725,260
2019-10-31,2019-11-30,development,7,-0.023876325594442478,283
2019-10-31,2019-11-30,development,8,-0.02522234923308379,276
2019-10-31,2019-11-30,development,9,-0.01974241332515969,277
2019-10-31,2019-11-30,development,10,-0.023320199730080184,318
2019-11-30,2019-12-31,development,1,0.07895413609330616,248
2019-11-30,2019-12-31,development,2,0.08256486397204821,285
2019-11-30,2019-12-31,development,3,0.09410263096930893,269
2019-11-30,2019-12-31,development,4,0.09221528329719116,280
2019-11-30,2019-12-31,development,5,0.08720035894274225,292
2019-11-30,2019-12-31,development,6,0.09130915846020085,271
2019-11-30,2019-12-31,development,7,0.07866169483096286,272
2019-11-30,2019-12-31,development,8,0.08575248483473917,277
2019-11-30,2019-12-31,development,9,0.08219517782780413,277
2019-11-30,2019-12-31,development,10,0.08271010138749307,318
2019-12-31,2020-01-31,development,1,0.03315197858985732,247
2019-12-31,2020-01-31,development,2,0.005900844848961173,284
2019-12-31,2020-01-31,development,3,0.006002033194737046,269
2019-12-31,2020-01-31,development,4,0.009101795333486254,277
2019-12-31,2020-01-31,development,5,0.013568598153631515,291
2019-12-31,2020-01-31,development,6,0.006367834947286456,271
2019-12-31,2020-01-31,development,7,0.006164564383697339,268
2019-12-31,2020-01-31,development,8,0.012401571753538839,278
2019-12-31,2020-01-31,development,9,0.003831183158263244,275
2019-12-31,2020-01-31,development,10,-0.0025697605570033817,321
2020-01-31,2020-02-29,development,1,0.04306548759263008,244
2020-01-31,2020-02-29,development,2,0.042549919444923597,285
2020-01-31,2020-02-29,development,3,0.01812747677919329,274
2020-01-31,2020-02-29,development,4,0.013078804225557126,283
2020-01-31,2020-02-29,development,5,0.0005513577923615464,293
2020-01-31,2020-02-29,development,6,-0.0022858424368536606,268
2020-01-31,2020-02-29,development,7,0.009169134394317657,271
2020-01-31,2020-02-29,development,8,0.001677984023409276,286
2020-01-31,2020-02-29,development,9,-0.009042980154417913,273
2020-01-31,2020-02-29,development,10,-0.007034189892156113,317
2020-02-29,2020-03-31,development,1,-0.12958973538067006,251
2020-02-29,2020-03-31,development,2,-0.09245042593148606,288
2020-02-29,2020-03-31,development,3,-0.07707272562841129,280
2020-02-29,2020-03-31,development,4,-0.061971455586145356,287
2020-02-29,2020-03-31,development,5,-0.045161334447842316,297
2020-02-29,2020-03-31,development,6,-0.046993262686209875,275
2020-02-29,2020-03-31,development,7,-0.01868195845732392,279
2020-02-29,2020-03-31,development,8,-0.017643769784602525,288
2020-02-29,2020-03-31,development,9,-0.024144570495535183,280
2020-02-29,2020-03-31,development,10,-0.01997156786187083,320
2020-03-31,2020-04-30,development,1,0.01546230519844872,247
2020-03-31,2020-04-30,development,2,0.017015822175038952,292
2020-03-31,2020-04-30,development,3,0.03031190600880365,278
2020-03-31,2020-04-30,development,4,0.019389819478690645,296
2020-03-31,2020-04-30,development,5,0.0449865161649398,293
2020-03-31,2020-04-30,development,6,0.04095365385815514,277
2020-03-31,2020-04-30,development,7,0.027008689886810867,283
2020-03-31,2020-04-30,development,8,0.02593440020829866,291
2020-03-31,2020-04-30,development,9,0.03236352719091925,279
2020-03-31,2020-04-30,development,10,0.02949395232454111,322
2020-04-30,2020-05-31,development,1,0.01105927889530232,250
2020-04-30,2020-05-31,development,2,0.02176422538551307,288
2020-04-30,2020-05-31,development,3,0.012871824949927776,285
2020-04-30,2020-05-31,development,4,0.0158997513895847,283
2020-04-30,2020-05-31,development,5,0.021947560060822078,291
2020-04-30,2020-05-31,development,6,0.022843667684592183,278
2020-04-30,2020-05-31,development,7,0.022938308853181343,273
2020-04-30,2020-05-31,development,8,0.01258726937424492,295
2020-04-30,2020-05-31,development,9,0.01637791564120888,278
2020-04-30,2020-05-31,development,10,0.012497893753412282,323
2020-05-31,2020-06-30,development,1,0.06350628490022853,251
2020-05-31,2020-06-30,development,2,0.08829495008914814,285
2020-05-31,2020-06-30,development,3,0.08369735005355702,277
2020-05-31,2020-06-30,development,4,0.09758706515912711,285
2020-05-31,2020-06-30,development,5,0.0879126481695708,301
2020-05-31,2020-06-30,development,6,0.07170646565939241,270
2020-05-31,2020-06-30,development,7,0.07180142703882668,279
2020-05-31,2020-06-30,development,8,0.07558990222070852,283
2020-05-31,2020-06-30,development,9,0.0741611781688239,279
2020-05-31,2020-06-30,development,10,0.062274862722156966,326
2020-06-30,2020-07-31,development,1,0.11870355580002906,253
2020-06-30,2020-07-31,development,2,0.12480272206237544,292
2020-06-30,2020-07-31,development,3,0.1134642098538896,283
2020-06-30,2020-07-31,development,4,0.11930705586678268,293
2020-06-30,2020-07-31,development,5,0.13880827133011578,297
2020-06-30,2020-07-31,development,6,0.14811648756279866,275
2020-06-30,2020-07-31,development,7,0.15678006546489587,282
2020-06-30,2020-07-31,development,8,0.13363217072023156,294
2020-06-30,2020-07-31,development,9,0.15415234950857107,281
2020-06-30,2020-07-31,development,10,0.1658868355133235,323
2020-07-31,2020-08-31,development,1,-0.0100094357918025,264
2020-07-31,2020-08-31,development,2,-0.009996652060322252,300
2020-07-31,2020-08-31,development,3,0.01671289785820642,285
2020-07-31,2020-08-31,development,4,0.036934701114587014,298
2020-07-31,2020-08-31,development,5,0.027495040172328414,305
2020-07-31,2020-08-31,development,6,0.026955981974008367,286
2020-07-31,2020-08-31,development,7,0.03736171785701269,286
2020-07-31,2020-08-31,development,8,0.05382673226213649,297
2020-07-31,2020-08-31,development,9,0.04518739650063793,288
2020-07-31,2020-08-31,development,10,0.04777957845706949,334
2020-08-31,2020-09-30,development,1,-0.07077713457792019,259
2020-08-31,2020-09-30,development,2,-0.07284604605578451,299
2020-08-31,2020-09-30,development,3,-0.07446831305554605,291
2020-08-31,2020-09-30,development,4,-0.07299201491723588,299
2020-08-31,2020-09-30,development,5,-0.06747825686756632,306
2020-08-31,2020-09-30,development,6,-0.07371407504300896,280
2020-08-31,2020-09-30,development,7,-0.06019878163685877,294
2020-08-31,2020-09-30,development,8,-0.07107709976913497,296
2020-08-31,2020-09-30,development,9,-0.06957639829964501,294
2020-08-31,2020-09-30,development,10,-0.07636806267703085,333
2020-09-30,2020-10-31,development,1,0.03250702066463645,260
2020-09-30,2020-10-31,development,2,0.014457632299723078,302
2020-09-30,2020-10-31,development,3,0.005696400862451752,295
2020-09-30,2020-10-31,development,4,0.005754803493797139,295
2020-09-30,2020-10-31,development,5,0.009316840648130965,305
2020-09-30,2020-10-31,development,6,-0.008238769176653187,292
2020-09-30,2020-10-31,development,7,-0.0021389606755181944,284
2020-09-30,2020-10-31,development,8,-0.004618443507508843,306
2020-09-30,2020-10-31,development,9,-0.002045764793521422,291
2020-09-30,2020-10-31,development,10,-0.01180372856856324,331
2020-10-31,2020-11-30,development,1,-0.01605965117262116,264
2020-10-31,2020-11-30,development,2,-0.0005102767638605133,299
2020-10-31,2020-11-30,development,3,0.004828544984743491,289
2020-10-31,2020-11-30,development,4,0.026305635826423666,300
2020-10-31,2020-11-30,development,5,0.014703168295518852,308
2020-10-31,2020-11-30,development,6,0.03582153843542393,282
2020-10-31,2020-11-30,development,7,0.0321495461930269,294
2020-10-31,2020-11-30,development,8,0.040099861392542735,295
2020-10-31,2020-11-30,development,9,0.040026393100329676,293
2020-10-31,2020-11-30,development,10,0.04049461809570223,333
2020-11-30,2020-12-31,development,1,-0.012184811891081124,266
2020-11-30,2020-12-31,development,2,-0.017352560582444776,300
2020-11-30,2020-12-31,development,3,-0.03052915293985124,298
2020-11-30,2020-12-31,development,4,-0.026157503743500638,295
2020-11-30,2020-12-31,development,5,-0.03215010493268801,310
2020-11-30,2020-12-31,development,6,-0.01411978989516571,286
2020-11-30,2020-12-31,development,7,-0.028271552021613723,289
2020-11-30,2020-12-31,development,8,-0.02181389635774088,304
2020-11-30,2020-12-31,development,9,-0.040917925318297146,294
2020-11-30,2020-12-31,development,10,-0.04040678022864126,339
2020-12-31,2021-01-31,development,1,-0.08478579710109295,265
2020-12-31,2021-01-31,development,2,-0.0698302767600729,302
2020-12-31,2021-01-31,development,3,-0.06597310739847592,299
2020-12-31,2021-01-31,development,4,-0.06382258071532744,295
2020-12-31,2021-01-31,development,5,-0.06416529741923108,312
2020-12-31,2021-01-31,development,6,-0.053343705504297484,290
2020-12-31,2021-01-31,development,7,-0.05705143265053934,286
2020-12-31,2021-01-31,development,8,-0.07312652604076748,308
2020-12-31,2021-01-31,development,9,-0.06232405385518709,293
2020-12-31,2021-01-31,development,10,-0.05544814558069607,341
2021-01-31,2021-02-28,development,1,-0.02539118838841487,266
2021-01-31,2021-02-28,development,2,0.004600129262883521,307
2021-01-31,2021-02-28,development,3,0.01704169931504549,298
2021-01-31,2021-02-28,development,4,0.03146639353290478,302
2021-01-31,2021-02-28,development,5,0.02933627195717146,312
2021-01-31,2021-02-28,development,6,0.035786500672961345,289
2021-01-31,2021-02-28,development,7,0.03923296980145951,293
2021-01-31,2021-02-28,development,8,0.04410607888491233,307
2021-01-31,2021-02-28,development,9,0.044564948239681164,298
2021-01-31,2021-02-28,development,10,0.06222858890336969,340
2021-02-28,2021-03-31,development,1,-0.041154583000765736,271
2021-02-28,2021-03-31,development,2,-0.01394645845924007,309
2021-02-28,2021-03-31,development,3,-0.009637073411372602,296
2021-02-28,2021-03-31,development,4,-0.0049760693235747664,304
2021-02-28,2021-03-31,development,5,0.010981868773281797,317
2021-02-28,2021-03-31,development,6,0.012818026264212723,294
2021-02-28,2021-03-31,development,7,0.02194766023048078,293
2021-02-28,2021-03-31,development,8,0.012925846589112937,307
2021-02-28,2021-03-31,development,9,0.02653302849476684,298
2021-02-28,2021-03-31,development,10,0.03409945650114428,343
2021-03-31,2021-04-30,development,1,-0.02182655662233172,270
2021-03-31,2021-04-30,development,2,-0.010437246910409976,314
2021-03-31,2021-04-30,development,3,-0.0017032815536292339,303
2021-03-31,2021-04-30,development,4,0.015117102410360713,309
2021-03-31,2021-04-30,development,5,0.005369970498789131,322
2021-03-31,2021-04-30,development,6,0.011879112370470063,299
2021-03-31,2021-04-30,development,7,0.018146298055335255,300
2021-03-31,2021-04-30,development,8,0.009983510956640212,312
2021-03-31,2021-04-30,development,9,0.002375127513992847,305
2021-03-31,2021-04-30,development,10,0.004200204484237106,345
2021-04-30,2021-05-31,development,1,0.10910191445723283,275
2021-04-30,2021-05-31,development,2,0.09277037620383065,314
2021-04-30,2021-05-31,development,3,0.08575346462616824,309
2021-04-30,2021-05-31,development,4,0.08010080857379118,313
2021-04-30,2021-05-31,development,5,0.06289276247151591,324
2021-04-30,2021-05-31,development,6,0.05449358252053751,300
2021-04-30,2021-05-31,development,7,0.05360461606488035,306
2021-04-30,2021-05-31,development,8,0.04379092994933612,316
2021-04-30,2021-05-31,development,9,0.035173052989230284,307
2021-04-30,2021-05-31,development,10,0.033129980322657966,348
2021-05-31,2021-06-30,development,1,0.029805015385523905,277
2021-05-31,2021-06-30,development,2,0.03509154003170935,315
2021-05-31,2021-06-30,development,3,0.03622709682656695,311
2021-05-31,2021-06-30,development,4,0.04854639946588984,314
2021-05-31,2021-06-30,development,5,0.030092387790021706,322
2021-05-31,2021-06-30,development,6,0.03385841729237245,302
2021-05-31,2021-06-30,development,7,0.01990765543685619,307
2021-05-31,2021-06-30,development,8,0.018352331572436643,318
2021-05-31,2021-06-30,development,9,0.02152304663877854,308
2021-05-31,2021-06-30,development,10,0.0123362564266001,350
2021-06-30,2021-07-31,development,1,0.07943785356063492,275
2021-06-30,2021-07-31,development,2,0.04535500382889031,313
2021-06-30,2021-07-31,development,3,-0.0019245390960589879,316
2021-06-30,2021-07-31,development,4,0.018904865495541462,307
2021-06-30,2021-07-31,development,5,-0.008775831858267502,335
2021-06-30,2021-07-31,development,6,0.0014527085157051089,297
2021-06-30,2021-07-31,development,7,-0.00497655370696884,305
2021-06-30,2021-07-31,development,8,2.1705669393015955e-05,318
2021-06-30,2021-07-31,development,9,-0.024915394546542086,311
2021-06-30,2021-07-31,development,10,-0.00992419389370514,352
2021-07-31,2021-08-31,development,1,0.013087967097882921,282
2021-07-31,2021-08-31,development,2,0.06617068555578287,324
2021-07-31,2021-08-31,development,3,0.05827644610340038,310
2021-07-31,2021-08-31,development,4,0.06848536498172475,325
2021-07-31,2021-08-31,development,5,0.07941048366110084,332
2021-07-31,2021-08-31,development,6,0.06617175901050076,302
2021-07-31,2021-08-31,development,7,0.060542978130621455,321
2021-07-31,2021-08-31,development,8,0.06593226027596268,314
2021-07-31,2021-08-31,development,9,0.06395896375933821,320
2021-07-31,2021-08-31,development,10,0.07217323115750009,360
2021-08-31,2021-09-30,development,1,-0.08503593577763517,289
2021-08-31,2021-09-30,development,2,-0.06149527723695442,322
2021-08-31,2021-09-30,development,3,-0.0366370434039049,323
2021-08-31,2021-09-30,development,4,-0.020436017312781225,322
2021-08-31,2021-09-30,development,5,-0.014014470661741768,339
2021-08-31,2021-09-30,development,6,-0.0034916401053567193,312
2021-08-31,2021-09-30,development,7,-0.02517031544469251,314
2021-08-31,2021-09-30,development,8,-0.007288353943875422,331
2021-08-31,2021-09-30,development,9,0.005247006757228989,314
2021-08-31,2021-09-30,development,10,0.008530779967073047,365
2021-09-30,2021-10-31,development,1,-0.017688423756646508,298
2021-09-30,2021-10-31,development,2,-0.021407313852252394,326
2021-09-30,2021-10-31,development,3,-0.021663498873293507,325
2021-09-30,2021-10-31,development,4,-0.008292676644719887,331
2021-09-30,2021-10-31,development,5,-0.014455246002749967,343
2021-09-30,2021-10-31,development,6,-0.028207310272416658,315
2021-09-30,2021-10-31,development,7,-0.02232032780682379,323
2021-09-30,2021-10-31,development,8,-0.0193550651237488,333
2021-09-30,2021-10-31,development,9,-0.019046368644946646,318
2021-09-30,2021-10-31,development,10,-0.024486748600501363,373
2021-10-31,2021-11-30,development,1,0.07839826155511789,295
2021-10-31,2021-11-30,development,2,0.09896220964915863,330
2021-10-31,2021-11-30,development,3,0.12364935882307079,322
2021-10-31,2021-11-30,development,4,0.10401362157650507,334
2021-10-31,2021-11-30,development,5,0.10187182920196641,345
2021-10-31,2021-11-30,development,6,0.11550051910460993,312
2021-10-31,2021-11-30,development,7,0.0836078851714924,329
2021-10-31,2021-11-30,development,8,0.11109531748402901,327
2021-10-31,2021-11-30,development,9,0.09481793790090451,325
2021-10-31,2021-11-30,development,10,0.08780872389863183,373
2021-11-30,2021-12-31,development,1,-0.03384765535240307,300
2021-11-30,2021-12-31,development,2,-0.003004654918898842,338
2021-11-30,2021-12-31,development,3,0.004968057788030744,327
2021-11-30,2021-12-31,development,4,0.005401960706747517,333
2021-11-30,2021-12-31,development,5,0.021564980992756503,344
2021-11-30,2021-12-31,development,6,0.025902259780410292,327
2021-11-30,2021-12-31,development,7,0.04095582565616103,323
2021-11-30,2021-12-31,development,8,0.05594033579733732,337
2021-11-30,2021-12-31,development,9,0.04687966544685439,328
2021-11-30,2021-12-31,development,10,0.06672560334468679,371
2021-12-31,2022-01-31,development,1,-0.15238000646716254,309
2021-12-31,2022-01-31,development,2,-0.12304762388891695,345
2021-12-31,2022-01-31,development,3,-0.1087507554773929,332
2021-12-31,2022-01-31,development,4,-0.09932454384658945,342
2021-12-31,2022-01-31,development,5,-0.11059084670863677,352
2021-12-31,2022-01-31,development,6,-0.09965916409966026,330
2021-12-31,2022-01-31,development,7,-0.08309856349418582,334
2021-12-31,2022-01-31,development,8,-0.09485227868882543,340
2021-12-31,2022-01-31,development,9,-0.08866607333958504,337
2021-12-31,2022-01-31,development,10,-0.07481410075336782,383
2022-01-31,2022-02-28,selection,1,0.04305993939216005,311
2022-01-31,2022-02-28,selection,2,0.05420577493138661,352
2022-01-31,2022-02-28,selection,3,0.051799940248645863,339
2022-01-31,2022-02-28,selection,4,0.04150966943116388,352
2022-01-31,2022-02-28,selection,5,0.04213929787271237,356
2022-01-31,2022-02-28,selection,6,0.03972806829406624,333
2022-01-31,2022-02-28,selection,7,0.04615902253406805,344
2022-01-31,2022-02-28,selection,8,0.04183137769427332,347
2022-01-31,2022-02-28,selection,9,0.04311006633288133,344
2022-01-31,2022-02-28,selection,10,0.04861531466126867,383
2022-02-28,2022-03-31,selection,1,-0.038595406484788965,314
2022-02-28,2022-03-31,selection,2,-0.05523777390540322,355
2022-02-28,2022-03-31,selection,3,-0.0452098365022161,344
2022-02-28,2022-03-31,selection,4,-0.04522551843266458,354
2022-02-28,2022-03-31,selection,5,-0.051943345270792085,359
2022-02-28,2022-03-31,selection,6,-0.058392772461993675,339
2022-02-28,2022-03-31,selection,7,-0.05842945066424863,343
2022-02-28,2022-03-31,selection,8,-0.06396510212914956,355
2022-02-28,2022-03-31,selection,9,-0.06142441210690464,344
2022-02-28,2022-03-31,selection,10,-0.051024314148807814,391
2022-03-31,2022-04-30,selection,1,-0.21982967899481815,320
2022-03-31,2022-04-30,selection,2,-0.19306416921786165,358
2022-03-31,2022-04-30,selection,3,-0.17179658429270284,349
2022-03-31,2022-04-30,selection,4,-0.16228209353347892,353
2022-03-31,2022-04-30,selection,5,-0.14937763603526566,368
2022-03-31,2022-04-30,selection,6,-0.13942252653513887,346
2022-03-31,2022-04-30,selection,7,-0.14069383706510405,344
2022-03-31,2022-04-30,selection,8,-0.13175985059753298,358
2022-03-31,2022-04-30,selection,9,-0.12505307668940127,349
2022-03-31,2022-04-30,selection,10,-0.10940293423736613,393
2022-04-30,2022-05-31,selection,1,0.08930905500891355,318
2022-04-30,2022-05-31,selection,2,0.10331999259752304,360
2022-04-30,2022-05-31,selection,3,0.10016994668023539,345
2022-04-30,2022-05-31,selection,4,0.1120242441659572,362
2022-04-30,2022-05-31,selection,5,0.09837603873848282,364
2022-04-30,2022-05-31,selection,6,0.1080855672250343,341
2022-04-30,2022-05-31,selection,7,0.11136881379378034,356
2022-04-30,2022-05-31,selection,8,0.10165898247129226,351
2022-04-30,2022-05-31,selection,9,0.11081090698073233,354
2022-04-30,2022-05-31,selection,10,0.1135872762268437,398
2022-05-31,2022-06-30,selection,1,0.07564056845509835,318
2022-05-31,2022-06-30,selection,2,0.08148488237478554,358
2022-05-31,2022-06-30,selection,3,0.08150884809267522,348
2022-05-31,2022-06-30,selection,4,0.09110786663736614,362
2022-05-31,2022-06-30,selection,5,0.08134652527293024,367
2022-05-31,2022-06-30,selection,6,0.08467364567259988,342
2022-05-31,2022-06-30,selection,7,0.08586943837803253,352
2022-05-31,2022-06-30,selection,8,0.08371296269177293,358
2022-05-31,2022-06-30,selection,9,0.07674087598964549,348
2022-05-31,2022-06-30,selection,10,0.0601771584984706,390
2022-06-30,2022-07-31,selection,1,0.026442342255732994,329
2022-06-30,2022-07-31,selection,2,0.02259744074683662,367
2022-06-30,2022-07-31,selection,3,0.02797221978098213,352
2022-06-30,2022-07-31,selection,4,0.020531342524167363,370
2022-06-30,2022-07-31,selection,5,0.024625794271165315,374
2022-06-30,2022-07-31,selection,6,0.03282448148611266,349
2022-06-30,2022-07-31,selection,7,0.021415037180089882,361
2022-06-30,2022-07-31,selection,8,0.02591050361356796,361
2022-06-30,2022-07-31,selection,9,0.01799363869495167,358
2022-06-30,2022-07-31,selection,10,0.019938089722439722,399
2022-07-31,2022-08-31,selection,1,-0.09716355089738918,329
2022-07-31,2022-08-31,selection,2,-0.06905828693991023,369
2022-07-31,2022-08-31,selection,3,-0.05749114965683247,355
2022-07-31,2022-08-31,selection,4,-0.04620913772360537,366
2022-07-31,2022-08-31,selection,5,-0.023221430386657537,381
2022-07-31,2022-08-31,selection,6,-0.03224607335153854,348
2022-07-31,2022-08-31,selection,7,-0.020439340283346458,359
2022-07-31,2022-08-31,selection,8,-0.026915379860697787,362
2022-07-31,2022-08-31,selection,9,-0.018373695340272,362
2022-07-31,2022-08-31,selection,10,-0.00437014838324928,403
2022-08-31,2022-09-30,selection,1,-0.10262398350761019,332
2022-08-31,2022-09-30,selection,2,-0.1048620323171747,371
2022-08-31,2022-09-30,selection,3,-0.10032834805894399,353
2022-08-31,2022-09-30,selection,4,-0.09417295073476485,371
2022-08-31,2022-09-30,selection,5,-0.0927323373782381,367
2022-08-31,2022-09-30,selection,6,-0.08819196712389733,361
2022-08-31,2022-09-30,selection,7,-0.0882874421227447,356
2022-08-31,2022-09-30,selection,8,-0.08235005131638831,368
2022-08-31,2022-09-30,selection,9,-0.0855089186941939,356
2022-08-31,2022-09-30,selection,10,-0.0743979515371384,402
2022-09-30,2022-10-31,selection,1,0.01282115945659772,331
2022-09-30,2022-10-31,selection,2,0.0221429566583929,372
2022-09-30,2022-10-31,selection,3,0.02972960256402086,354
2022-09-30,2022-10-31,selection,4,0.04025901974037263,376
2022-09-30,2022-10-31,selection,5,0.029503879684003698,369
2022-09-30,2022-10-31,selection,6,0.025996039348949177,354
2022-09-30,2022-10-31,selection,7,0.03606707221276753,364
2022-09-30,2022-10-31,selection,8,0.034173538231866724,366
2022-09-30,2022-10-31,selection,9,0.035396397103727224,360
2022-09-30,2022-10-31,selection,10,0.02848053352955223,405
2022-10-31,2022-11-30,selection,1,0.04140110521199171,334
2022-10-31,2022-11-30,selection,2,0.05246338861484426,373
2022-10-31,2022-11-30,selection,3,0.08442003642206712,362
2022-10-31,2022-11-30,selection,4,0.07487954299327507,373
2022-10-31,2022-11-30,selection,5,0.0813676793712041,377
2022-10-31,2022-11-30,selection,6,0.0782884772238684,361
2022-10-31,2022-11-30,selection,7,0.09491352535259807,362
2022-10-31,2022-11-30,selection,8,0.08692433885390181,373
2022-10-31,2022-11-30,selection,9,0.08764418336319467,362
2022-10-31,2022-11-30,selection,10,0.0878207556580525,408
2022-11-30,2022-12-31,selection,1,-0.07669501381708459,341
2022-11-30,2022-12-31,selection,2,-0.04666061359002098,379
2022-11-30,2022-12-31,selection,3,-0.033979804916956714,366
2022-11-30,2022-12-31,selection,4,-0.02979310537093411,380
2022-11-30,2022-12-31,selection,5,-0.03971334897620169,385
2022-11-30,2022-12-31,selection,6,-0.04273411244356791,368
2022-11-30,2022-12-31,selection,7,-0.03170920096568654,365
2022-11-30,2022-12-31,selection,8,-0.03148810529660757,381
2022-11-30,2022-12-31,selection,9,-0.026330705135920375,364
2022-11-30,2022-12-31,selection,10,-0.029665290773224953,414
2022-12-31,2023-01-31,selection,1,0.0516749946860669,345
2022-12-31,2023-01-31,selection,2,0.06479544811546602,384
2022-12-31,2023-01-31,selection,3,0.07264680037293135,366
2022-12-31,2023-01-31,selection,4,0.07524639050595246,384
2022-12-31,2023-01-31,selection,5,0.08505681190749081,384
2022-12-31,2023-01-31,selection,6,0.08600145522111863,372
2022-12-31,2023-01-31,selection,7,0.086023809055116,371
2022-12-31,2023-01-31,selection,8,0.08402026511087683,379
2022-12-31,2023-01-31,selection,9,0.08182946811066738,371
2022-12-31,2023-01-31,selection,10,0.07898767637263782,419
2023-01-31,2023-02-28,selection,1,-0.00929499179636273,348
2023-01-31,2023-02-28,selection,2,0.012262515333433895,384
2023-01-31,2023-02-28,selection,3,0.019053173075037615,373
2023-01-31,2023-02-28,selection,4,0.022683707644851024,385
2023-01-31,2023-02-28,selection,5,0.02875695533518877,395
2023-01-31,2023-02-28,selection,6,0.03824766891631544,372
2023-01-31,2023-02-28,selection,7,0.03243326771869276,374
2023-01-31,2023-02-28,selection,8,0.04121555083699687,384
2023-01-31,2023-02-28,selection,9,0.04737933329937709,373
2023-01-31,2023-02-28,selection,10,0.04823802948907455,424
2023-02-28,2023-03-31,selection,1,-0.009071467373554359,348
2023-02-28,2023-03-31,selection,2,-0.016109169363725875,392
2023-02-28,2023-03-31,selection,3,-0.01860692583250865,374
2023-02-28,2023-03-31,selection,4,-0.02002887265441042,391
2023-02-28,2023-03-31,selection,5,-0.011842725911582667,391
2023-02-28,2023-03-31,selection,6,-0.005025274339963917,378
2023-02-28,2023-03-31,selection,7,-0.008185680976028462,377
2023-02-28,2023-03-31,selection,8,-0.006225526929940781,388
2023-02-28,2023-03-31,selection,9,-0.006727304271638609,378
2023-02-28,2023-03-31,selection,10,-0.006400267651459083,424
2023-03-31,2023-04-30,selection,1,-0.026827390298850718,355
2023-03-31,2023-04-30,selection,2,-0.031120158886636773,390
2023-03-31,2023-04-30,selection,3,-0.03248708922382511,380
2023-03-31,2023-04-30,selection,4,-0.03325922802815108,393
2023-03-31,2023-04-30,selection,5,-0.02207736672699409,406
2023-03-31,2023-04-30,selection,6,-0.03572861620185537,372
2023-03-31,2023-04-30,selection,7,-0.023861174745210358,387
2023-03-31,2023-04-30,selection,8,-0.022777260520239578,386
2023-03-31,2023-04-30,selection,9,-0.02433571550398451,384
2023-03-31,2023-04-30,selection,10,-0.01246386774139233,431
2023-04-30,2023-05-31,selection,1,-0.01532590606707158,356
2023-04-30,2023-05-31,selection,2,0.0006319092575164749,392
2023-04-30,2023-05-31,selection,3,-0.011513367800371316,382
2023-04-30,2023-05-31,selection,4,-0.0043928657522427465,396
2023-04-30,2023-05-31,selection,5,-0.002832465635650555,404
2023-04-30,2023-05-31,selection,6,-0.004896941503882052,377
2023-04-30,2023-05-31,selection,7,0.0014043725340036446,391
2023-04-30,2023-05-31,selection,8,-0.0008433659431562699,387
2023-04-30,2023-05-31,selection,9,-0.0005163312563224049,387
2023-04-30,2023-05-31,selection,10,0.006859879728438815,432
2023-05-31,2023-06-30,selection,1,0.026809046256320752,357
2023-05-31,2023-06-30,selection,2,0.034253563511302654,392
2023-05-31,2023-06-30,selection,3,0.02465998025457425,378
2023-05-31,2023-06-30,selection,4,0.023487512940342407,400
2023-05-31,2023-06-30,selection,5,0.018782969521053107,400
2023-05-31,2023-06-30,selection,6,0.023496452447999725,375
2023-05-31,2023-06-30,selection,7,0.01604222471600047,390
2023-05-31,2023-06-30,selection,8,0.02065156153915965,388
2023-05-31,2023-06-30,selection,9,0.02053586826751167,382
2023-05-31,2023-06-30,selection,10,0.022309042948685315,433
2023-06-30,2023-07-31,selection,1,-0.056543739571508406,362
2023-06-30,2023-07-31,selection,2,-0.027116318584332406,398
2023-06-30,2023-07-31,selection,3,-0.009128807315740516,382
2023-06-30,2023-07-31,selection,4,-0.006817115460707886,406
2023-06-30,2023-07-31,selection,5,0.007548779911519739,407
2023-06-30,2023-07-31,selection,6,0.014345638506525307,385
2023-06-30,2023-07-31,selection,7,0.018694000936635615,393
2023-06-30,2023-07-31,selection,8,0.0189939487236683,395
2023-06-30,2023-07-31,selection,9,0.027044699970062005,385
2023-06-30,2023-07-31,selection,10,0.029984658611581786,439
2023-07-31,2023-08-31,selection,1,-0.04569557609777005,363
2023-07-31,2023-08-31,selection,2,-0.047497779750154144,399
2023-07-31,2023-08-31,selection,3,-0.041305588284602165,386
2023-07-31,2023-08-31,selection,4,-0.047384458667872935,405
2023-07-31,2023-08-31,selection,5,-0.04983128106502779,410
2023-07-31,2023-08-31,selection,6,-0.04763612142133409,383
2023-07-31,2023-08-31,selection,7,-0.05105502060407752,397
2023-07-31,2023-08-31,selection,8,-0.04154722472326487,394
2023-07-31,2023-08-31,selection,9,-0.042380836784567104,391
2023-07-31,2023-08-31,selection,10,-0.04515776128398956,441
2023-08-31,2023-09-30,selection,1,-0.029729746023580965,362
2023-08-31,2023-09-30,selection,2,-0.001202574320583843,400
2023-08-31,2023-09-30,selection,3,-0.007808277933771776,386
2023-08-31,2023-09-30,selection,4,-0.007370303277162142,399
2023-08-31,2023-09-30,selection,5,0.0015486479627661934,414
2023-08-31,2023-09-30,selection,6,-0.004143001867426642,386
2023-08-31,2023-09-30,selection,7,0.00459973116789984,391
2023-08-31,2023-09-30,selection,8,0.00176759738505228,394
2023-08-31,2023-09-30,selection,9,0.0033931685137281132,392
2023-08-31,2023-09-30,selection,10,0.006716847999520661,440
2023-09-30,2023-10-31,selection,1,-0.005766463864362683,362
2023-09-30,2023-10-31,selection,2,0.0068985258043252,404
2023-09-30,2023-10-31,selection,3,-0.00084002665452737,393
2023-09-30,2023-10-31,selection,4,-0.0059112315715123655,403
2023-09-30,2023-10-31,selection,5,-0.0017335986513755761,406
2023-09-30,2023-10-31,selection,6,-0.0069698746988749284,390
2023-09-30,2023-10-31,selection,7,-0.02147218928859404,389
2023-09-30,2023-10-31,selection,8,-0.009445864194859559,407
2023-09-30,2023-10-31,selection,9,-0.015792223420356456,390
2023-09-30,2023-10-31,selection,10,-0.025812770486210307,440
2023-10-31,2023-11-30,selection,1,0.031194675535580314,365
2023-10-31,2023-11-30,selection,2,0.02546052811774331,406
2023-10-31,2023-11-30,selection,3,0.03674398048497314,396
2023-10-31,2023-11-30,selection,4,0.038813508394908755,405
2023-10-31,2023-11-30,selection,5,0.045801062780741766,412
2023-10-31,2023-11-30,selection,6,0.04068916519391579,390
2023-10-31,2023-11-30,selection,7,0.03319330077311263,394
2023-10-31,2023-11-30,selection,8,0.037446361323551156,407
2023-10-31,2023-11-30,selection,9,0.030708315824107105,395
2023-10-31,2023-11-30,selection,10,0.022515204616737547,442
2023-11-30,2023-12-31,selection,1,-0.02484068364567059,372
2023-11-30,2023-12-31,selection,2,-0.017062225551279436,407
2023-11-30,2023-12-31,selection,3,-0.01929351898695356,394
2023-11-30,2023-12-31,selection,4,-0.0188659325702195,410
2023-11-30,2023-12-31,selection,5,-0.016211493147843634,413
2023-11-30,2023-12-31,selection,6,-0.02078853592213326,396
2023-11-30,2023-12-31,selection,7,-0.021791465547686,399
2023-11-30,2023-12-31,selection,8,-0.016529330728062945,405
2023-11-30,2023-12-31,selection,9,-0.016174699417220256,396
2023-11-30,2023-12-31,selection,10,-0.021344713541727598,446
2023-12-31,2024-01-31,selection,1,-0.24841059064700843,375
2023-12-31,2024-01-31,selection,2,-0.2181254243212952,410
2023-12-31,2024-01-31,selection,3,-0.21151448729381853,402
2023-12-31,2024-01-31,selection,4,-0.19617413145440368,406
2023-12-31,2024-01-31,selection,5,-0.18234211300406192,427
2023-12-31,2024-01-31,selection,6,-0.1849257614761723,393
2023-12-31,2024-01-31,selection,7,-0.17150546345852732,397
2023-12-31,2024-01-31,selection,8,-0.16138294381334214,411
2023-12-31,2024-01-31,selection,9,-0.1489892246917437,401
2023-12-31,2024-01-31,selection,10,-0.129594232252515,451
2024-01-31,2024-02-29,retrospective_test,1,0.08933310853622413,379
2024-01-31,2024-02-29,retrospective_test,2,0.07107182775408724,412
2024-01-31,2024-02-29,retrospective_test,3,0.081507423579021,399
2024-01-31,2024-02-29,retrospective_test,4,0.09436458753629218,416
2024-01-31,2024-02-29,retrospective_test,5,0.0700964150043447,429
2024-01-31,2024-02-29,retrospective_test,6,0.07420509311318743,392
2024-01-31,2024-02-29,retrospective_test,7,0.06600262351748235,411
2024-01-31,2024-02-29,retrospective_test,8,0.06323262544501591,404
2024-01-31,2024-02-29,retrospective_test,9,0.06130604652998863,407
2024-01-31,2024-02-29,retrospective_test,10,0.06309540104271429,453
2024-02-29,2024-03-31,retrospective_test,1,0.010739150724948805,380
2024-02-29,2024-03-31,retrospective_test,2,0.02151362802559601,420
2024-02-29,2024-03-31,retrospective_test,3,0.02675087543567039,402
2024-02-29,2024-03-31,retrospective_test,4,0.043449093709638564,422
2024-02-29,2024-03-31,retrospective_test,5,0.05532160275089005,426
2024-02-29,2024-03-31,retrospective_test,6,0.05361336290134707,406
2024-02-29,2024-03-31,retrospective_test,7,0.05139475965675914,410
2024-02-29,2024-03-31,retrospective_test,8,0.044399751939836155,414
2024-02-29,2024-03-31,retrospective_test,9,0.05212857081899871,408
2024-02-29,2024-03-31,retrospective_test,10,0.04633322570377893,455
2024-03-31,2024-04-30,retrospective_test,1,-0.08390066797198327,382
2024-03-31,2024-04-30,retrospective_test,2,-0.06024532401412488,422
2024-03-31,2024-04-30,retrospective_test,3,-0.04737336418228521,404
2024-03-31,2024-04-30,retrospective_test,4,-0.031457069113534776,423
2024-03-31,2024-04-30,retrospective_test,5,-0.025625430894554355,429
2024-03-31,2024-04-30,retrospective_test,6,-0.013607730130073875,410
2024-03-31,2024-04-30,retrospective_test,7,0.004176901575845123,408
2024-03-31,2024-04-30,retrospective_test,8,0.00883485126011011,419
2024-03-31,2024-04-30,retrospective_test,9,0.01772209959986478,407
2024-03-31,2024-04-30,retrospective_test,10,0.023185060167170417,460
2024-04-30,2024-05-31,retrospective_test,1,-0.03392803617031866,385
2024-04-30,2024-05-31,retrospective_test,2,-0.019557888650854983,418
2024-04-30,2024-05-31,retrospective_test,3,-0.016439191011702513,409
2024-04-30,2024-05-31,retrospective_test,4,-0.011103754853993465,425
2024-04-30,2024-05-31,retrospective_test,5,-0.01441065433140854,425
2024-04-30,2024-05-31,retrospective_test,6,-0.011235950547930189,407
2024-04-30,2024-05-31,retrospective_test,7,-0.010044688123628463,413
2024-04-30,2024-05-31,retrospective_test,8,-0.010862742120787673,421
2024-04-30,2024-05-31,retrospective_test,9,-0.018862317050006003,406
2024-04-30,2024-05-31,retrospective_test,10,-0.01280332145949526,459
2024-05-31,2024-06-30,retrospective_test,1,-0.09601099903060209,378
2024-05-31,2024-06-30,retrospective_test,2,-0.08726225224378673,417
2024-05-31,2024-06-30,retrospective_test,3,-0.08227129482439395,404
2024-05-31,2024-06-30,retrospective_test,4,-0.07886718671273918,420
2024-05-31,2024-06-30,retrospective_test,5,-0.08598028677736475,428
2024-05-31,2024-06-30,retrospective_test,6,-0.08262840191069366,396
2024-05-31,2024-06-30,retrospective_test,7,-0.07244916318551754,411
2024-05-31,2024-06-30,retrospective_test,8,-0.07340189064194952,413
2024-05-31,2024-06-30,retrospective_test,9,-0.08275633040359404,408
2024-05-31,2024-06-30,retrospective_test,10,-0.07436899191815372,456
2024-06-30,2024-07-31,retrospective_test,1,-0.006115841243530867,384
2024-06-30,2024-07-31,retrospective_test,2,0.006371409635105667,418
2024-06-30,2024-07-31,retrospective_test,3,0.007979924767869358,411
2024-06-30,2024-07-31,retrospective_test,4,0.008840990825291311,417
2024-06-30,2024-07-31,retrospective_test,5,0.006269210677974594,433
2024-06-30,2024-07-31,retrospective_test,6,0.011744894436069958,404
2024-06-30,2024-07-31,retrospective_test,7,-0.0026012616800477574,410
2024-06-30,2024-07-31,retrospective_test,8,0.009028182297672296,418
2024-06-30,2024-07-31,retrospective_test,9,0.00686360405376705,411
2024-06-30,2024-07-31,retrospective_test,10,0.0016066198759607986,457
2024-07-31,2024-08-31,retrospective_test,1,-0.08316071875640911,381
2024-07-31,2024-08-31,retrospective_test,2,-0.06343279025486946,416
2024-07-31,2024-08-31,retrospective_test,3,-0.05051540679153129,409
2024-07-31,2024-08-31,retrospective_test,4,-0.04444364256584926,426
2024-07-31,2024-08-31,retrospective_test,5,-0.03728419062606563,431
2024-07-31,2024-08-31,retrospective_test,6,-0.03970698126351739,397
2024-07-31,2024-08-31,retrospective_test,7,-0.030268031932551714,420
2024-07-31,2024-08-31,retrospective_test,8,-0.032394647977356035,415
2024-07-31,2024-08-31,retrospective_test,9,-0.03066314233108727,410
2024-07-31,2024-08-31,retrospective_test,10,-0.030862457938195188,461
2024-08-31,2024-09-30,retrospective_test,1,0.25111001361397756,380
2024-08-31,2024-09-30,retrospective_test,2,0.2597142042802757,419
2024-08-31,2024-09-30,retrospective_test,3,0.2586648744842158,409
2024-08-31,2024-09-30,retrospective_test,4,0.2464473349959569,419
2024-08-31,2024-09-30,retrospective_test,5,0.23959506398723465,426
2024-08-31,2024-09-30,retrospective_test,6,0.24125813415819988,407
2024-08-31,2024-09-30,retrospective_test,7,0.23904861178700165,409
2024-08-31,2024-09-30,retrospective_test,8,0.23022467308012734,419
2024-08-31,2024-09-30,retrospective_test,9,0.22047241771301462,409
2024-08-31,2024-09-30,retrospective_test,10,0.21444721700649008,456
2024-09-30,2024-10-31,retrospective_test,1,0.17569102983813317,378
2024-09-30,2024-10-31,retrospective_test,2,0.14221277121823014,420
2024-09-30,2024-10-31,retrospective_test,3,0.1113738760152438,402
2024-09-30,2024-10-31,retrospective_test,4,0.08635249743064487,428
2024-09-30,2024-10-31,retrospective_test,5,0.08104970495779512,427
2024-09-30,2024-10-31,retrospective_test,6,0.05348103848135124,401
2024-09-30,2024-10-31,retrospective_test,7,0.03319832597385711,419
2024-09-30,2024-10-31,retrospective_test,8,0.04482673820198648,411
2024-09-30,2024-10-31,retrospective_test,9,0.029381662463323757,411
2024-09-30,2024-10-31,retrospective_test,10,0.006743394839402255,457
2024-10-31,2024-11-30,retrospective_test,1,-0.0362651631425453,384
2024-10-31,2024-11-30,retrospective_test,2,0.03836232245402144,421
2024-10-31,2024-11-30,retrospective_test,3,0.025067493549811914,408
2024-10-31,2024-11-30,retrospective_test,4,0.04178420540716918,426
2024-10-31,2024-11-30,retrospective_test,5,0.06382599836600465,431
2024-10-31,2024-11-30,retrospective_test,6,0.054488581998303504,404
2024-10-31,2024-11-30,retrospective_test,7,0.05440179929452443,418
2024-10-31,2024-11-30,retrospective_test,8,0.06824902903716877,416
2024-10-31,2024-11-30,retrospective_test,9,0.03997644136396696,413
2024-10-31,2024-11-30,retrospective_test,10,0.042223130285717926,459
2024-11-30,2024-12-31,retrospective_test,1,-0.1160854364216921,381
2024-11-30,2024-12-31,retrospective_test,2,-0.10856286256990764,423
2024-11-30,2024-12-31,retrospective_test,3,-0.08572814535786083,411
2024-11-30,2024-12-31,retrospective_test,4,-0.07676709030780966,424
2024-11-30,2024-12-31,retrospective_test,5,-0.0592854831022045,429
2024-11-30,2024-12-31,retrospective_test,6,-0.038662876424999826,407
2024-11-30,2024-12-31,retrospective_test,7,-0.02652307794639664,414
2024-11-30,2024-12-31,retrospective_test,8,-0.014660199467711613,421
2024-11-30,2024-12-31,retrospective_test,9,-0.01677613279120367,413
2024-11-30,2024-12-31,retrospective_test,10,0.0025754543244195212,457
2024-12-31,2025-01-31,retrospective_test,1,-0.029430942660905596,384
2024-12-31,2025-01-31,retrospective_test,2,-0.022583180099964278,424
2024-12-31,2025-01-31,retrospective_test,3,-0.02572069791148256,410
2024-12-31,2025-01-31,retrospective_test,4,-0.024507276227171443,423
2024-12-31,2025-01-31,retrospective_test,5,-0.01820955079728983,433
2024-12-31,2025-01-31,retrospective_test,6,-0.014247016461401165,406
2024-12-31,2025-01-31,retrospective_test,7,-0.01395149480396656,413
2024-12-31,2025-01-31,retrospective_test,8,-0.022133565381630107,420
2024-12-31,2025-01-31,retrospective_test,9,-0.01730121980404279,414
2024-12-31,2025-01-31,retrospective_test,10,-0.013936363316668487,459
2025-01-31,2025-02-28,retrospective_test,1,0.1239728023760223,379
2025-01-31,2025-02-28,retrospective_test,2,0.12272114674615518,423
2025-01-31,2025-02-28,retrospective_test,3,0.10854584096557024,409
2025-01-31,2025-02-28,retrospective_test,4,0.08727346483517816,425
2025-01-31,2025-02-28,retrospective_test,5,0.0903468132770675,433
2025-01-31,2025-02-28,retrospective_test,6,0.07719690934050488,407
2025-01-31,2025-02-28,retrospective_test,7,0.0837840206295316,416
2025-01-31,2025-02-28,retrospective_test,8,0.06158369704213523,418
2025-01-31,2025-02-28,retrospective_test,9,0.059383973624677996,414
2025-01-31,2025-02-28,retrospective_test,10,0.040177914228090084,461
2025-02-28,2025-03-31,retrospective_test,1,-0.07210094711105021,382
2025-02-28,2025-03-31,retrospective_test,2,-0.04381815304265944,423
2025-02-28,2025-03-31,retrospective_test,3,-0.02413059621012264,411
2025-02-28,2025-03-31,retrospective_test,4,-0.004847500803906188,427
2025-02-28,2025-03-31,retrospective_test,5,0.007894720191921709,432
2025-02-28,2025-03-31,retrospective_test,6,0.011134550002367984,405
2025-02-28,2025-03-31,retrospective_test,7,0.00882347204123538,417
2025-02-28,2025-03-31,retrospective_test,8,0.016279248825415885,421
2025-02-28,2025-03-31,retrospective_test,9,0.01751021798088909,413
2025-02-28,2025-03-31,retrospective_test,10,0.02930902531844385,462
2025-03-31,2025-04-30,retrospective_test,1,-0.04315404039798659,385
2025-03-31,2025-04-30,retrospective_test,2,-0.021549412196885435,422
2025-03-31,2025-04-30,retrospective_test,3,-0.02540536449117482,414
2025-03-31,2025-04-30,retrospective_test,4,-0.016416978263197195,425
2025-03-31,2025-04-30,retrospective_test,5,-0.023480634351713166,431
2025-03-31,2025-04-30,retrospective_test,6,-0.02735364532181075,405
2025-03-31,2025-04-30,retrospective_test,7,-0.02713080747575598,419
2025-03-31,2025-04-30,retrospective_test,8,-0.03540118398088554,420
2025-03-31,2025-04-30,retrospective_test,9,-0.03974058909019434,416
2025-03-31,2025-04-30,retrospective_test,10,-0.0335070968457156,460
2025-04-30,2025-05-31,retrospective_test,1,0.03654799628631578,381
2025-04-30,2025-05-31,retrospective_test,2,0.037769759562861244,419
2025-04-30,2025-05-31,retrospective_test,3,0.047246120165162754,410
2025-04-30,2025-05-31,retrospective_test,4,0.055047195438985064,419
2025-04-30,2025-05-31,retrospective_test,5,0.057980372293422504,426
2025-04-30,2025-05-31,retrospective_test,6,0.03984237692211768,405
2025-04-30,2025-05-31,retrospective_test,7,0.0411083030852924,409
2025-04-30,2025-05-31,retrospective_test,8,0.04066990193578338,420
2025-04-30,2025-05-31,retrospective_test,9,0.042602047116711825,409
2025-04-30,2025-05-31,retrospective_test,10,0.04094647180918577,457
2025-05-31,2025-06-30,retrospective_test,1,0.06317768442130331,382
2025-05-31,2025-06-30,retrospective_test,2,0.06882233765179453,416
2025-05-31,2025-06-30,retrospective_test,3,0.06311806653523092,409
2025-05-31,2025-06-30,retrospective_test,4,0.062475182976927356,418
2025-05-31,2025-06-30,retrospective_test,5,0.054778818091052665,422
2025-05-31,2025-06-30,retrospective_test,6,0.07182048131698528,402
2025-05-31,2025-06-30,retrospective_test,7,0.061393314655752575,409
2025-05-31,2025-06-30,retrospective_test,8,0.06151263399642641,418
2025-05-31,2025-06-30,retrospective_test,9,0.05785349988343942,407
2025-05-31,2025-06-30,retrospective_test,10,0.04490080511038925,452
2025-06-30,2025-07-31,retrospective_test,1,0.01566303680086055,385
2025-06-30,2025-07-31,retrospective_test,2,0.0399176511261046,420
2025-06-30,2025-07-31,retrospective_test,3,0.04575806898706635,410
2025-06-30,2025-07-31,retrospective_test,4,0.04314452153773005,424
2025-06-30,2025-07-31,retrospective_test,5,0.05314596376402997,431
2025-06-30,2025-07-31,retrospective_test,6,0.05988170449311578,403
2025-06-30,2025-07-31,retrospective_test,7,0.05675108502928039,414
2025-06-30,2025-07-31,retrospective_test,8,0.05006599041255629,420
2025-06-30,2025-07-31,retrospective_test,9,0.05987120711131201,410
2025-06-30,2025-07-31,retrospective_test,10,0.05491983579123841,462
2025-07-31,2025-08-31,retrospective_test,1,0.12425801486543832,389
2025-07-31,2025-08-31,retrospective_test,2,0.09534090230783199,429
2025-07-31,2025-08-31,retrospective_test,3,0.09978491048535816,409
2025-07-31,2025-08-31,retrospective_test,4,0.08979840960330739,430
2025-07-31,2025-08-31,retrospective_test,5,0.09246457526222038,433
2025-07-31,2025-08-31,retrospective_test,6,0.0761089222099449,411
2025-07-31,2025-08-31,retrospective_test,7,0.07992934149084865,418
2025-07-31,2025-08-31,retrospective_test,8,0.0868313658845362,421
2025-07-31,2025-08-31,retrospective_test,9,0.07677208734071553,417
2025-07-31,2025-08-31,retrospective_test,10,0.07935301559061823,464
2025-08-31,2025-09-30,retrospective_test,1,-0.0014193237080822533,384
2025-08-31,2025-09-30,retrospective_test,2,0.00445161958364655,427
2025-08-31,2025-09-30,retrospective_test,3,0.018659177528644322,416
2025-08-31,2025-09-30,retrospective_test,4,0.01924767408713776,423
2025-08-31,2025-09-30,retrospective_test,5,0.01760356180068243,439
2025-08-31,2025-09-30,retrospective_test,6,0.00851967112355106,411
2025-08-31,2025-09-30,retrospective_test,7,0.008219806135623288,416
2025-08-31,2025-09-30,retrospective_test,8,0.003812001264051263,423
2025-08-31,2025-09-30,retrospective_test,9,0.0034488874406246733,420
2025-08-31,2025-09-30,retrospective_test,10,0.006014235075120965,462
2025-09-30,2025-10-31,retrospective_test,1,-0.0169452718272482,388
2025-09-30,2025-10-31,retrospective_test,2,-0.001547972012357165,426
2025-09-30,2025-10-31,retrospective_test,3,-0.010565912563195612,408
2025-09-30,2025-10-31,retrospective_test,4,-0.004862858418602557,433
2025-09-30,2025-10-31,retrospective_test,5,-0.004756379166290054,439
2025-09-30,2025-10-31,retrospective_test,6,0.023108409020180458,404
2025-09-30,2025-10-31,retrospective_test,7,0.01879093955942131,426
2025-09-30,2025-10-31,retrospective_test,8,0.023543248421382428,415
2025-09-30,2025-10-31,retrospective_test,9,0.02862234116107634,419
2025-09-30,2025-10-31,retrospective_test,10,0.027396470839281997,464
2025-10-31,2025-11-30,retrospective_test,1,-0.0050080891681816755,392
2025-10-31,2025-11-30,retrospective_test,2,-0.010521815676383259,423
2025-10-31,2025-11-30,retrospective_test,3,-0.016656600991287362,413
2025-10-31,2025-11-30,retrospective_test,4,-0.009054967125355647,424
2025-10-31,2025-11-30,retrospective_test,5,-0.008930775556873511,438
2025-10-31,2025-11-30,retrospective_test,6,-0.007148821387101735,411
2025-10-31,2025-11-30,retrospective_test,7,-0.013433648885651796,414
2025-10-31,2025-11-30,retrospective_test,8,-0.010410315324240301,423
2025-10-31,2025-11-30,retrospective_test,9,-0.012132829504895635,413
2025-10-31,2025-11-30,retrospective_test,10,-0.007419056652644069,471
2025-11-30,2025-12-31,retrospective_test,1,0.028444856816179916,388
2025-11-30,2025-12-31,retrospective_test,2,0.022234264412528848,424
2025-11-30,2025-12-31,retrospective_test,3,0.024542305155806656,417
2025-11-30,2025-12-31,retrospective_test,4,0.033498793687752375,424
2025-11-30,2025-12-31,retrospective_test,5,0.020806390921640234,435
2025-11-30,2025-12-31,retrospective_test,6,0.025307117701589846,411
2025-11-30,2025-12-31,retrospective_test,7,0.01842541908065276,414
2025-11-30,2025-12-31,retrospective_test,8,0.026629204406012668,427
2025-11-30,2025-12-31,retrospective_test,9,0.025073624200669054,414
2025-11-30,2025-12-31,retrospective_test,10,0.022268297109334784,467
